userId,topic,order1_edges,order2_edges,order1_path,order2_path
81fbe5c0-8001-7054-3ac3-3e9db3f6e198,a5,123,121,da_artifacts/user_81fbe5c0-8001-7054-3ac3-3e9db3f6e198_topic_a5_order1_fixed.png,da_artifacts/user_81fbe5c0-8001-7054-3ac3-3e9db3f6e198_topic_a5_order2_fixed.png
81cbb5e0-9011-7077-7e4e-7aca1564666c,a6,107,99,da_artifacts/user_81cbb5e0-9011-7077-7e4e-7aca1564666c_topic_a6_order1_fixed.png,da_artifacts/user_81cbb5e0-9011-7077-7e4e-7aca1564666c_topic_a6_order2_fixed.png
e12ba500-f0e1-70f2-73ab-05c1cbc44b76,a3,93,82,da_artifacts/user_e12ba500-f0e1-70f2-73ab-05c1cbc44b76_topic_a3_order1_fixed.png,da_artifacts/user_e12ba500-f0e1-70f2-73ab-05c1cbc44b76_topic_a3_order2_fixed.png
f16b2520-6021-70ee-b980-7a50d804795d,a5,93,84,da_artifacts/user_f16b2520-6021-70ee-b980-7a50d804795d_topic_a5_order1_fixed.png,da_artifacts/user_f16b2520-6021-70ee-b980-7a50d804795d_topic_a5_order2_fixed.png
01eb0530-d011-70d4-70a6-3d8b36a0733f,a6,90,79,da_artifacts/user_01eb0530-d011-70d4-70a6-3d8b36a0733f_topic_a6_order1_fixed.png,da_artifacts/user_01eb0530-d011-70d4-70a6-3d8b36a0733f_topic_a6_order2_fixed.png
b19b0560-c011-70d1-0a4f-c32cfa1ae4cd,a3,94,92,da_artifacts/user_b19b0560-c011-70d1-0a4f-c32cfa1ae4cd_topic_a3_order1_fixed.png,da_artifacts/user_b19b0560-c011-70d1-0a4f-c32cfa1ae4cd_topic_a3_order2_fixed.png
a1fb3570-f021-705f-6d23-353ec8617ab4,a3,81,77,da_artifacts/user_a1fb3570-f021-705f-6d23-353ec8617ab4_topic_a3_order1_fixed.png,da_artifacts/user_a1fb3570-f021-705f-6d23-353ec8617ab4_topic_a3_order2_fixed.png
c16be560-e061-709d-a447-5a0779910084,a7,82,79,da_artifacts/user_c16be560-e061-709d-a447-5a0779910084_topic_a7_order1_fixed.png,da_artifacts/user_c16be560-e061-709d-a447-5a0779910084_topic_a7_order2_fixed.png
117bf560-5011-70e9-de01-b833f5651c83,a7,75,68,da_artifacts/user_117bf560-5011-70e9-de01-b833f5651c83_topic_a7_order1_fixed.png,da_artifacts/user_117bf560-5011-70e9-de01-b833f5651c83_topic_a7_order2_fixed.png
f16b2520-6021-70ee-b980-7a50d804795d,a4,68,57,da_artifacts/user_f16b2520-6021-70ee-b980-7a50d804795d_topic_a4_order1_fixed.png,da_artifacts/user_f16b2520-6021-70ee-b980-7a50d804795d_topic_a4_order2_fixed.png
b19b0560-c011-70d1-0a4f-c32cfa1ae4cd,a2,77,75,da_artifacts/user_b19b0560-c011-70d1-0a4f-c32cfa1ae4cd_topic_a2_order1_fixed.png,da_artifacts/user_b19b0560-c011-70d1-0a4f-c32cfa1ae4cd_topic_a2_order2_fixed.png
e12ba500-f0e1-70f2-73ab-05c1cbc44b76,a4,68,59,da_artifacts/user_e12ba500-f0e1-70f2-73ab-05c1cbc44b76_topic_a4_order1_fixed.png,da_artifacts/user_e12ba500-f0e1-70f2-73ab-05c1cbc44b76_topic_a4_order2_fixed.png
b19b0560-c011-70d1-0a4f-c32cfa1ae4cd,a5,72,69,da_artifacts/user_b19b0560-c011-70d1-0a4f-c32cfa1ae4cd_topic_a5_order1_fixed.png,da_artifacts/user_b19b0560-c011-70d1-0a4f-c32cfa1ae4cd_topic_a5_order2_fixed.png
b19b0560-c011-70d1-0a4f-c32cfa1ae4cd,a6,69,63,da_artifacts/user_b19b0560-c011-70d1-0a4f-c32cfa1ae4cd_topic_a6_order1_fixed.png,da_artifacts/user_b19b0560-c011-70d1-0a4f-c32cfa1ae4cd_topic_a6_order2_fixed.png
813b4500-6031-701e-c56f-d60220a6081f,a5,70,68,da_artifacts/user_813b4500-6031-701e-c56f-d60220a6081f_topic_a5_order1_fixed.png,da_artifacts/user_813b4500-6031-701e-c56f-d60220a6081f_topic_a5_order2_fixed.png
219b2590-e041-704c-6a88-f3a3366c6cc5,a4,68,65,da_artifacts/user_219b2590-e041-704c-6a88-f3a3366c6cc5_topic_a4_order1_fixed.png,da_artifacts/user_219b2590-e041-704c-6a88-f3a3366c6cc5_topic_a4_order2_fixed.png
81fbe5c0-8001-7054-3ac3-3e9db3f6e198,a1,68,66,da_artifacts/user_81fbe5c0-8001-7054-3ac3-3e9db3f6e198_topic_a1_order1_fixed.png,da_artifacts/user_81fbe5c0-8001-7054-3ac3-3e9db3f6e198_topic_a1_order2_fixed.png
11cb0520-80d1-70f1-831e-2d3d54b32de3,a1,68,66,da_artifacts/user_11cb0520-80d1-70f1-831e-2d3d54b32de3_topic_a1_order1_fixed.png,da_artifacts/user_11cb0520-80d1-70f1-831e-2d3d54b32de3_topic_a1_order2_fixed.png
c16be560-e061-709d-a447-5a0779910084,a4,57,45,da_artifacts/user_c16be560-e061-709d-a447-5a0779910084_topic_a4_order1_fixed.png,da_artifacts/user_c16be560-e061-709d-a447-5a0779910084_topic_a4_order2_fixed.png
a1cb4570-5011-70b5-5fdf-1eaee3de61f4,a6,65,61,da_artifacts/user_a1cb4570-5011-70b5-5fdf-1eaee3de61f4_topic_a6_order1_fixed.png,da_artifacts/user_a1cb4570-5011-70b5-5fdf-1eaee3de61f4_topic_a6_order2_fixed.png
f16b2520-6021-70ee-b980-7a50d804795d,a2,64,61,da_artifacts/user_f16b2520-6021-70ee-b980-7a50d804795d_topic_a2_order1_fixed.png,da_artifacts/user_f16b2520-6021-70ee-b980-7a50d804795d_topic_a2_order2_fixed.png
b1bbe550-6071-708d-a4b6-8d280dff01d0,a3,63,59,da_artifacts/user_b1bbe550-6071-708d-a4b6-8d280dff01d0_topic_a3_order1_fixed.png,da_artifacts/user_b1bbe550-6071-708d-a4b6-8d280dff01d0_topic_a3_order2_fixed.png
813b4500-6031-701e-c56f-d60220a6081f,a6,53,42,da_artifacts/user_813b4500-6031-701e-c56f-d60220a6081f_topic_a6_order1_fixed.png,da_artifacts/user_813b4500-6031-701e-c56f-d60220a6081f_topic_a6_order2_fixed.png
218ba540-4081-70eb-5d75-b3fa54f82268,a7,61,58,da_artifacts/user_218ba540-4081-70eb-5d75-b3fa54f82268_topic_a7_order1_fixed.png,da_artifacts/user_218ba540-4081-70eb-5d75-b3fa54f82268_topic_a7_order2_fixed.png
f16b2520-6021-70ee-b980-7a50d804795d,a3,58,53,da_artifacts/user_f16b2520-6021-70ee-b980-7a50d804795d_topic_a3_order1_fixed.png,da_artifacts/user_f16b2520-6021-70ee-b980-7a50d804795d_topic_a3_order2_fixed.png
117bf560-5011-70e9-de01-b833f5651c83,a2,57,53,da_artifacts/user_117bf560-5011-70e9-de01-b833f5651c83_topic_a2_order1_fixed.png,da_artifacts/user_117bf560-5011-70e9-de01-b833f5651c83_topic_a2_order2_fixed.png
e12ba500-f0e1-70f2-73ab-05c1cbc44b76,a5,57,54,da_artifacts/user_e12ba500-f0e1-70f2-73ab-05c1cbc44b76_topic_a5_order1_fixed.png,da_artifacts/user_e12ba500-f0e1-70f2-73ab-05c1cbc44b76_topic_a5_order2_fixed.png
91ab45a0-6011-7078-f1e9-b3a94075f7b7,a5,59,58,da_artifacts/user_91ab45a0-6011-7078-f1e9-b3a94075f7b7_topic_a5_order1_fixed.png,da_artifacts/user_91ab45a0-6011-7078-f1e9-b3a94075f7b7_topic_a5_order2_fixed.png
113ba590-f051-7017-0685-470ebc1c654d,a7,53,47,da_artifacts/user_113ba590-f051-7017-0685-470ebc1c654d_topic_a7_order1_fixed.png,da_artifacts/user_113ba590-f051-7017-0685-470ebc1c654d_topic_a7_order2_fixed.png
81fbe5c0-8001-7054-3ac3-3e9db3f6e198,a4,57,56,da_artifacts/user_81fbe5c0-8001-7054-3ac3-3e9db3f6e198_topic_a4_order1_fixed.png,da_artifacts/user_81fbe5c0-8001-7054-3ac3-3e9db3f6e198_topic_a4_order2_fixed.png
219b2590-e041-704c-6a88-f3a3366c6cc5,a5,55,53,da_artifacts/user_219b2590-e041-704c-6a88-f3a3366c6cc5_topic_a5_order1_fixed.png,da_artifacts/user_219b2590-e041-704c-6a88-f3a3366c6cc5_topic_a5_order2_fixed.png
611bf540-9091-708a-926e-51ff59cf9473,a5,52,47,da_artifacts/user_611bf540-9091-708a-926e-51ff59cf9473_topic_a5_order1_fixed.png,da_artifacts/user_611bf540-9091-708a-926e-51ff59cf9473_topic_a5_order2_fixed.png
a10bd580-0091-709a-49e7-6e9c96ea58c6,a4,49,42,da_artifacts/user_a10bd580-0091-709a-49e7-6e9c96ea58c6_topic_a4_order1_fixed.png,da_artifacts/user_a10bd580-0091-709a-49e7-6e9c96ea58c6_topic_a4_order2_fixed.png
61eb0590-9001-70e9-9ded-e189346bd845,a4,47,38,da_artifacts/user_61eb0590-9001-70e9-9ded-e189346bd845_topic_a4_order1_fixed.png,da_artifacts/user_61eb0590-9001-70e9-9ded-e189346bd845_topic_a4_order2_fixed.png
117bf560-5011-70e9-de01-b833f5651c83,a5,52,49,da_artifacts/user_117bf560-5011-70e9-de01-b833f5651c83_topic_a5_order1_fixed.png,da_artifacts/user_117bf560-5011-70e9-de01-b833f5651c83_topic_a5_order2_fixed.png
a1eb05a0-7031-707b-b065-0f30c86f0a6e,a4,54,53,da_artifacts/user_a1eb05a0-7031-707b-b065-0f30c86f0a6e_topic_a4_order1_fixed.png,da_artifacts/user_a1eb05a0-7031-707b-b065-0f30c86f0a6e_topic_a4_order2_fixed.png
01eb9580-3071-70a9-01aa-f63e5dd14609,a4,48,42,da_artifacts/user_01eb9580-3071-70a9-01aa-f63e5dd14609_topic_a4_order1_fixed.png,da_artifacts/user_01eb9580-3071-70a9-01aa-f63e5dd14609_topic_a4_order2_fixed.png
e12ba500-f0e1-70f2-73ab-05c1cbc44b76,a7,49,44,da_artifacts/user_e12ba500-f0e1-70f2-73ab-05c1cbc44b76_topic_a7_order1_fixed.png,da_artifacts/user_e12ba500-f0e1-70f2-73ab-05c1cbc44b76_topic_a7_order2_fixed.png
710bd530-f031-7016-ebe5-ee614a366f14,a7,52,50,da_artifacts/user_710bd530-f031-7016-ebe5-ee614a366f14_topic_a7_order1_fixed.png,da_artifacts/user_710bd530-f031-7016-ebe5-ee614a366f14_topic_a7_order2_fixed.png
11cb0520-80d1-70f1-831e-2d3d54b32de3,a7,52,50,da_artifacts/user_11cb0520-80d1-70f1-831e-2d3d54b32de3_topic_a7_order1_fixed.png,da_artifacts/user_11cb0520-80d1-70f1-831e-2d3d54b32de3_topic_a7_order2_fixed.png
311bb5b0-8031-704a-d26b-1a35da2044f9,a5,51,49,da_artifacts/user_311bb5b0-8031-704a-d26b-1a35da2044f9_topic_a5_order1_fixed.png,da_artifacts/user_311bb5b0-8031-704a-d26b-1a35da2044f9_topic_a5_order2_fixed.png
c11b3500-c051-70c9-5385-6797f6c08070,a7,46,39,da_artifacts/user_c11b3500-c051-70c9-5385-6797f6c08070_topic_a7_order1_fixed.png,da_artifacts/user_c11b3500-c051-70c9-5385-6797f6c08070_topic_a7_order2_fixed.png
a1fb3570-f021-705f-6d23-353ec8617ab4,a2,48,44,da_artifacts/user_a1fb3570-f021-705f-6d23-353ec8617ab4_topic_a2_order1_fixed.png,da_artifacts/user_a1fb3570-f021-705f-6d23-353ec8617ab4_topic_a2_order2_fixed.png
01ebb520-b0d1-709a-ca45-bb5b571f108f,a5,48,45,da_artifacts/user_01ebb520-b0d1-709a-ca45-bb5b571f108f_topic_a5_order1_fixed.png,da_artifacts/user_01ebb520-b0d1-709a-ca45-bb5b571f108f_topic_a5_order2_fixed.png
710bd530-f031-7016-ebe5-ee614a366f14,a3,50,49,da_artifacts/user_710bd530-f031-7016-ebe5-ee614a366f14_topic_a3_order1_fixed.png,da_artifacts/user_710bd530-f031-7016-ebe5-ee614a366f14_topic_a3_order2_fixed.png
117bf560-5011-70e9-de01-b833f5651c83,a6,44,37,da_artifacts/user_117bf560-5011-70e9-de01-b833f5651c83_topic_a6_order1_fixed.png,da_artifacts/user_117bf560-5011-70e9-de01-b833f5651c83_topic_a6_order2_fixed.png
117bf560-5011-70e9-de01-b833f5651c83,a4,49,47,da_artifacts/user_117bf560-5011-70e9-de01-b833f5651c83_topic_a4_order1_fixed.png,da_artifacts/user_117bf560-5011-70e9-de01-b833f5651c83_topic_a4_order2_fixed.png
31cb6500-d081-7067-9d22-37992452f2ad,a1,47,44,da_artifacts/user_31cb6500-d081-7067-9d22-37992452f2ad_topic_a1_order1_fixed.png,da_artifacts/user_31cb6500-d081-7067-9d22-37992452f2ad_topic_a1_order2_fixed.png
a1fb3570-f021-705f-6d23-353ec8617ab4,a4,49,48,da_artifacts/user_a1fb3570-f021-705f-6d23-353ec8617ab4_topic_a4_order1_fixed.png,da_artifacts/user_a1fb3570-f021-705f-6d23-353ec8617ab4_topic_a4_order2_fixed.png
81fbe5c0-8001-7054-3ac3-3e9db3f6e198,a2,48,47,da_artifacts/user_81fbe5c0-8001-7054-3ac3-3e9db3f6e198_topic_a2_order1_fixed.png,da_artifacts/user_81fbe5c0-8001-7054-3ac3-3e9db3f6e198_topic_a2_order2_fixed.png
711b6580-50d1-70c7-2c33-364aab9519a1,a2,46,43,da_artifacts/user_711b6580-50d1-70c7-2c33-364aab9519a1_topic_a2_order1_fixed.png,da_artifacts/user_711b6580-50d1-70c7-2c33-364aab9519a1_topic_a2_order2_fixed.png
71ab5570-8001-709a-1343-b36f475fb202,a1,47,46,da_artifacts/user_71ab5570-8001-709a-1343-b36f475fb202_topic_a1_order1_fixed.png,da_artifacts/user_71ab5570-8001-709a-1343-b36f475fb202_topic_a1_order2_fixed.png
a1eb05a0-7031-707b-b065-0f30c86f0a6e,a6,46,44,da_artifacts/user_a1eb05a0-7031-707b-b065-0f30c86f0a6e_topic_a6_order1_fixed.png,da_artifacts/user_a1eb05a0-7031-707b-b065-0f30c86f0a6e_topic_a6_order2_fixed.png
218b1530-20e1-701a-ba31-9c86c7da05bc,a4,47,46,da_artifacts/user_218b1530-20e1-701a-ba31-9c86c7da05bc_topic_a4_order1_fixed.png,da_artifacts/user_218b1530-20e1-701a-ba31-9c86c7da05bc_topic_a4_order2_fixed.png
c16be560-e061-709d-a447-5a0779910084,a3,38,29,da_artifacts/user_c16be560-e061-709d-a447-5a0779910084_topic_a3_order1_fixed.png,da_artifacts/user_c16be560-e061-709d-a447-5a0779910084_topic_a3_order2_fixed.png
b13be530-5051-70d1-0e6c-be1458ec7929,a6,42,37,da_artifacts/user_b13be530-5051-70d1-0e6c-be1458ec7929_topic_a6_order1_fixed.png,da_artifacts/user_b13be530-5051-70d1-0e6c-be1458ec7929_topic_a6_order2_fixed.png
a1eb05a0-7031-707b-b065-0f30c86f0a6e,a5,46,45,da_artifacts/user_a1eb05a0-7031-707b-b065-0f30c86f0a6e_topic_a5_order1_fixed.png,da_artifacts/user_a1eb05a0-7031-707b-b065-0f30c86f0a6e_topic_a5_order2_fixed.png
a1cb4570-5011-70b5-5fdf-1eaee3de61f4,a4,44,42,da_artifacts/user_a1cb4570-5011-70b5-5fdf-1eaee3de61f4_topic_a4_order1_fixed.png,da_artifacts/user_a1cb4570-5011-70b5-5fdf-1eaee3de61f4_topic_a4_order2_fixed.png
f14b7530-60e1-704a-f8d5-4855523e6d94,a3,44,42,da_artifacts/user_f14b7530-60e1-704a-f8d5-4855523e6d94_topic_a3_order1_fixed.png,da_artifacts/user_f14b7530-60e1-704a-f8d5-4855523e6d94_topic_a3_order2_fixed.png
81fbe5c0-8001-7054-3ac3-3e9db3f6e198,a7,45,44,da_artifacts/user_81fbe5c0-8001-7054-3ac3-3e9db3f6e198_topic_a7_order1_fixed.png,da_artifacts/user_81fbe5c0-8001-7054-3ac3-3e9db3f6e198_topic_a7_order2_fixed.png
813b75b0-90b1-7068-9549-77eb9a62ffdc,a3,39,32,da_artifacts/user_813b75b0-90b1-7068-9549-77eb9a62ffdc_topic_a3_order1_fixed.png,da_artifacts/user_813b75b0-90b1-7068-9549-77eb9a62ffdc_topic_a3_order2_fixed.png
211b0520-f0e1-7015-0094-4310c79ba2e6,a6,40,34,da_artifacts/user_211b0520-f0e1-7015-0094-4310c79ba2e6_topic_a6_order1_fixed.png,da_artifacts/user_211b0520-f0e1-7015-0094-4310c79ba2e6_topic_a6_order2_fixed.png
81fbd560-90f1-70a6-16ea-d6a5ac61b239,a5,41,37,da_artifacts/user_81fbd560-90f1-70a6-16ea-d6a5ac61b239_topic_a5_order1_fixed.png,da_artifacts/user_81fbd560-90f1-70a6-16ea-d6a5ac61b239_topic_a5_order2_fixed.png
a1cb4570-5011-70b5-5fdf-1eaee3de61f4,a3,41,37,da_artifacts/user_a1cb4570-5011-70b5-5fdf-1eaee3de61f4_topic_a3_order1_fixed.png,da_artifacts/user_a1cb4570-5011-70b5-5fdf-1eaee3de61f4_topic_a3_order2_fixed.png
117bf560-5011-70e9-de01-b833f5651c83,a3,43,41,da_artifacts/user_117bf560-5011-70e9-de01-b833f5651c83_topic_a3_order1_fixed.png,da_artifacts/user_117bf560-5011-70e9-de01-b833f5651c83_topic_a3_order2_fixed.png
e14bd5d0-0021-70f1-8b50-efac4033a68a,a6,42,40,da_artifacts/user_e14bd5d0-0021-70f1-8b50-efac4033a68a_topic_a6_order1_fixed.png,da_artifacts/user_e14bd5d0-0021-70f1-8b50-efac4033a68a_topic_a6_order2_fixed.png
01eb0530-d011-70d4-70a6-3d8b36a0733f,a1,34,24,da_artifacts/user_01eb0530-d011-70d4-70a6-3d8b36a0733f_topic_a1_order1_fixed.png,da_artifacts/user_01eb0530-d011-70d4-70a6-3d8b36a0733f_topic_a1_order2_fixed.png
e14bd5d0-0021-70f1-8b50-efac4033a68a,a3,43,42,da_artifacts/user_e14bd5d0-0021-70f1-8b50-efac4033a68a_topic_a3_order1_fixed.png,da_artifacts/user_e14bd5d0-0021-70f1-8b50-efac4033a68a_topic_a3_order2_fixed.png
211b0520-f0e1-7015-0094-4310c79ba2e6,a4,42,40,da_artifacts/user_211b0520-f0e1-7015-0094-4310c79ba2e6_topic_a4_order1_fixed.png,da_artifacts/user_211b0520-f0e1-7015-0094-4310c79ba2e6_topic_a4_order2_fixed.png
719b2530-2001-7002-244b-0c90ec1dc48d,a4,43,42,da_artifacts/user_719b2530-2001-7002-244b-0c90ec1dc48d_topic_a4_order1_fixed.png,da_artifacts/user_719b2530-2001-7002-244b-0c90ec1dc48d_topic_a4_order2_fixed.png
011bb520-7041-704f-b3e7-ab5c43dd3950,a7,38,32,da_artifacts/user_011bb520-7041-704f-b3e7-ab5c43dd3950_topic_a7_order1_fixed.png,da_artifacts/user_011bb520-7041-704f-b3e7-ab5c43dd3950_topic_a7_order2_fixed.png
813b4500-6031-701e-c56f-d60220a6081f,a4,33,23,da_artifacts/user_813b4500-6031-701e-c56f-d60220a6081f_topic_a4_order1_fixed.png,da_artifacts/user_813b4500-6031-701e-c56f-d60220a6081f_topic_a4_order2_fixed.png
511bf560-b061-7030-1534-373d6182148d,a2,40,37,da_artifacts/user_511bf560-b061-7030-1534-373d6182148d_topic_a2_order1_fixed.png,da_artifacts/user_511bf560-b061-7030-1534-373d6182148d_topic_a2_order2_fixed.png
01eb9580-3071-70a9-01aa-f63e5dd14609,a5,39,35,da_artifacts/user_01eb9580-3071-70a9-01aa-f63e5dd14609_topic_a5_order1_fixed.png,da_artifacts/user_01eb9580-3071-70a9-01aa-f63e5dd14609_topic_a5_order2_fixed.png
f14b7530-60e1-704a-f8d5-4855523e6d94,a7,42,41,da_artifacts/user_f14b7530-60e1-704a-f8d5-4855523e6d94_topic_a7_order1_fixed.png,da_artifacts/user_f14b7530-60e1-704a-f8d5-4855523e6d94_topic_a7_order2_fixed.png
719b2530-2001-7002-244b-0c90ec1dc48d,a2,37,32,da_artifacts/user_719b2530-2001-7002-244b-0c90ec1dc48d_topic_a2_order1_fixed.png,da_artifacts/user_719b2530-2001-7002-244b-0c90ec1dc48d_topic_a2_order2_fixed.png
c10ba560-5051-7080-335e-1e8aaac1f227,a5,33,24,da_artifacts/user_c10ba560-5051-7080-335e-1e8aaac1f227_topic_a5_order1_fixed.png,da_artifacts/user_c10ba560-5051-7080-335e-1e8aaac1f227_topic_a5_order2_fixed.png
c16be560-e061-709d-a447-5a0779910084,a6,37,32,da_artifacts/user_c16be560-e061-709d-a447-5a0779910084_topic_a6_order1_fixed.png,da_artifacts/user_c16be560-e061-709d-a447-5a0779910084_topic_a6_order2_fixed.png
a10bd580-0091-709a-49e7-6e9c96ea58c6,a5,40,38,da_artifacts/user_a10bd580-0091-709a-49e7-6e9c96ea58c6_topic_a5_order1_fixed.png,da_artifacts/user_a10bd580-0091-709a-49e7-6e9c96ea58c6_topic_a5_order2_fixed.png
817b9500-8071-700f-6d35-00db749ffca6,a3,40,38,da_artifacts/user_817b9500-8071-700f-6d35-00db749ffca6_topic_a3_order1_fixed.png,da_artifacts/user_817b9500-8071-700f-6d35-00db749ffca6_topic_a3_order2_fixed.png
c11b3500-c051-70c9-5385-6797f6c08070,a1,41,40,da_artifacts/user_c11b3500-c051-70c9-5385-6797f6c08070_topic_a1_order1_fixed.png,da_artifacts/user_c11b3500-c051-70c9-5385-6797f6c08070_topic_a1_order2_fixed.png
e14bd5d0-0021-70f1-8b50-efac4033a68a,a4,41,40,da_artifacts/user_e14bd5d0-0021-70f1-8b50-efac4033a68a_topic_a4_order1_fixed.png,da_artifacts/user_e14bd5d0-0021-70f1-8b50-efac4033a68a_topic_a4_order2_fixed.png
81cbb5e0-9011-7077-7e4e-7aca1564666c,a4,37,32,da_artifacts/user_81cbb5e0-9011-7077-7e4e-7aca1564666c_topic_a4_order1_fixed.png,da_artifacts/user_81cbb5e0-9011-7077-7e4e-7aca1564666c_topic_a4_order2_fixed.png
510b5580-60e1-7095-f35a-7fd78cd92cfe,a7,39,37,da_artifacts/user_510b5580-60e1-7095-f35a-7fd78cd92cfe_topic_a7_order1_fixed.png,da_artifacts/user_510b5580-60e1-7095-f35a-7fd78cd92cfe_topic_a7_order2_fixed.png
81bb0570-e0e1-70e9-3e09-b26d835387b4,a7,39,37,da_artifacts/user_81bb0570-e0e1-70e9-3e09-b26d835387b4_topic_a7_order1_fixed.png,da_artifacts/user_81bb0570-e0e1-70e9-3e09-b26d835387b4_topic_a7_order2_fixed.png
218b1530-20e1-701a-ba31-9c86c7da05bc,a6,40,39,da_artifacts/user_218b1530-20e1-701a-ba31-9c86c7da05bc_topic_a6_order1_fixed.png,da_artifacts/user_218b1530-20e1-701a-ba31-9c86c7da05bc_topic_a6_order2_fixed.png
211b0520-f0e1-7015-0094-4310c79ba2e6,a7,35,29,da_artifacts/user_211b0520-f0e1-7015-0094-4310c79ba2e6_topic_a7_order1_fixed.png,da_artifacts/user_211b0520-f0e1-7015-0094-4310c79ba2e6_topic_a7_order2_fixed.png
919b25a0-0071-7022-b6bb-2716eefd7953,a1,39,37,da_artifacts/user_919b25a0-0071-7022-b6bb-2716eefd7953_topic_a1_order1_fixed.png,da_artifacts/user_919b25a0-0071-7022-b6bb-2716eefd7953_topic_a1_order2_fixed.png
516b7570-00e1-700e-b368-e544714cb230,a3,40,39,da_artifacts/user_516b7570-00e1-700e-b368-e544714cb230_topic_a3_order1_fixed.png,da_artifacts/user_516b7570-00e1-700e-b368-e544714cb230_topic_a3_order2_fixed.png
61bb4560-e0e1-70b5-d308-ad58511a0fc5,a4,37,34,da_artifacts/user_61bb4560-e0e1-70b5-d308-ad58511a0fc5_topic_a4_order1_fixed.png,da_artifacts/user_61bb4560-e0e1-70b5-d308-ad58511a0fc5_topic_a4_order2_fixed.png
f16b2520-6021-70ee-b980-7a50d804795d,a7,35,30,da_artifacts/user_f16b2520-6021-70ee-b980-7a50d804795d_topic_a7_order1_fixed.png,da_artifacts/user_f16b2520-6021-70ee-b980-7a50d804795d_topic_a7_order2_fixed.png
61bb4560-e0e1-70b5-d308-ad58511a0fc5,a3,37,35,da_artifacts/user_61bb4560-e0e1-70b5-d308-ad58511a0fc5_topic_a3_order1_fixed.png,da_artifacts/user_61bb4560-e0e1-70b5-d308-ad58511a0fc5_topic_a3_order2_fixed.png
117bf560-5011-70e9-de01-b833f5651c83,a1,37,35,da_artifacts/user_117bf560-5011-70e9-de01-b833f5651c83_topic_a1_order1_fixed.png,da_artifacts/user_117bf560-5011-70e9-de01-b833f5651c83_topic_a1_order2_fixed.png
01eb0530-d011-70d4-70a6-3d8b36a0733f,a3,34,29,da_artifacts/user_01eb0530-d011-70d4-70a6-3d8b36a0733f_topic_a3_order1_fixed.png,da_artifacts/user_01eb0530-d011-70d4-70a6-3d8b36a0733f_topic_a3_order2_fixed.png
c17b5520-f0b1-70c8-8bf1-0f5bd26a0cad,a3,36,33,da_artifacts/user_c17b5520-f0b1-70c8-8bf1-0f5bd26a0cad_topic_a3_order1_fixed.png,da_artifacts/user_c17b5520-f0b1-70c8-8bf1-0f5bd26a0cad_topic_a3_order2_fixed.png
c1eb8590-5071-70c5-90a9-bcbf8ca28ccb,a4,38,37,da_artifacts/user_c1eb8590-5071-70c5-90a9-bcbf8ca28ccb_topic_a4_order1_fixed.png,da_artifacts/user_c1eb8590-5071-70c5-90a9-bcbf8ca28ccb_topic_a4_order2_fixed.png
219b2590-e041-704c-6a88-f3a3366c6cc5,a2,35,31,da_artifacts/user_219b2590-e041-704c-6a88-f3a3366c6cc5_topic_a2_order1_fixed.png,da_artifacts/user_219b2590-e041-704c-6a88-f3a3366c6cc5_topic_a2_order2_fixed.png
211b0520-f0e1-7015-0094-4310c79ba2e6,a2,36,33,da_artifacts/user_211b0520-f0e1-7015-0094-4310c79ba2e6_topic_a2_order1_fixed.png,da_artifacts/user_211b0520-f0e1-7015-0094-4310c79ba2e6_topic_a2_order2_fixed.png
611bf540-9091-708a-926e-51ff59cf9473,a7,32,25,da_artifacts/user_611bf540-9091-708a-926e-51ff59cf9473_topic_a7_order1_fixed.png,da_artifacts/user_611bf540-9091-708a-926e-51ff59cf9473_topic_a7_order2_fixed.png
a13b5500-0021-7047-dba8-89607721af5d,a4,37,36,da_artifacts/user_a13b5500-0021-7047-dba8-89607721af5d_topic_a4_order1_fixed.png,da_artifacts/user_a13b5500-0021-7047-dba8-89607721af5d_topic_a4_order2_fixed.png
91ab45a0-6011-7078-f1e9-b3a94075f7b7,a7,36,34,da_artifacts/user_91ab45a0-6011-7078-f1e9-b3a94075f7b7_topic_a7_order1_fixed.png,da_artifacts/user_91ab45a0-6011-7078-f1e9-b3a94075f7b7_topic_a7_order2_fixed.png
218b1530-20e1-701a-ba31-9c86c7da05bc,a3,36,34,da_artifacts/user_218b1530-20e1-701a-ba31-9c86c7da05bc_topic_a3_order1_fixed.png,da_artifacts/user_218b1530-20e1-701a-ba31-9c86c7da05bc_topic_a3_order2_fixed.png
81bb0570-e0e1-70e9-3e09-b26d835387b4,a3,35,32,da_artifacts/user_81bb0570-e0e1-70e9-3e09-b26d835387b4_topic_a3_order1_fixed.png,da_artifacts/user_81bb0570-e0e1-70e9-3e09-b26d835387b4_topic_a3_order2_fixed.png
710bd530-f031-7016-ebe5-ee614a366f14,a5,37,36,da_artifacts/user_710bd530-f031-7016-ebe5-ee614a366f14_topic_a5_order1_fixed.png,da_artifacts/user_710bd530-f031-7016-ebe5-ee614a366f14_topic_a5_order2_fixed.png
01eb0530-d011-70d4-70a6-3d8b36a0733f,a7,37,36,da_artifacts/user_01eb0530-d011-70d4-70a6-3d8b36a0733f_topic_a7_order1_fixed.png,da_artifacts/user_01eb0530-d011-70d4-70a6-3d8b36a0733f_topic_a7_order2_fixed.png
c11bd560-50c1-70ac-8129-15966669f4ae,a3,37,36,da_artifacts/user_c11bd560-50c1-70ac-8129-15966669f4ae_topic_a3_order1_fixed.png,da_artifacts/user_c11bd560-50c1-70ac-8129-15966669f4ae_topic_a3_order2_fixed.png
511bf560-b061-7030-1534-373d6182148d,a6,29,21,da_artifacts/user_511bf560-b061-7030-1534-373d6182148d_topic_a6_order1_fixed.png,da_artifacts/user_511bf560-b061-7030-1534-373d6182148d_topic_a6_order2_fixed.png
310bd5d0-6061-7098-d41e-41b982248427,a5,31,25,da_artifacts/user_310bd5d0-6061-7098-d41e-41b982248427_topic_a5_order1_fixed.png,da_artifacts/user_310bd5d0-6061-7098-d41e-41b982248427_topic_a5_order2_fixed.png
81eb45d0-00d1-7089-fd06-0ffbbe5e2c7a,a4,30,23,da_artifacts/user_81eb45d0-00d1-7089-fd06-0ffbbe5e2c7a_topic_a4_order1_fixed.png,da_artifacts/user_81eb45d0-00d1-7089-fd06-0ffbbe5e2c7a_topic_a4_order2_fixed.png
81bb0570-e0e1-70e9-3e09-b26d835387b4,a2,32,27,da_artifacts/user_81bb0570-e0e1-70e9-3e09-b26d835387b4_topic_a2_order1_fixed.png,da_artifacts/user_81bb0570-e0e1-70e9-3e09-b26d835387b4_topic_a2_order2_fixed.png
a1cb4570-5011-70b5-5fdf-1eaee3de61f4,a2,35,33,da_artifacts/user_a1cb4570-5011-70b5-5fdf-1eaee3de61f4_topic_a2_order1_fixed.png,da_artifacts/user_a1cb4570-5011-70b5-5fdf-1eaee3de61f4_topic_a2_order2_fixed.png
91bbe500-b011-7005-c471-0da2f8815108,a3,36,35,da_artifacts/user_91bbe500-b011-7005-c471-0da2f8815108_topic_a3_order1_fixed.png,da_artifacts/user_91bbe500-b011-7005-c471-0da2f8815108_topic_a3_order2_fixed.png
c16be560-e061-709d-a447-5a0779910084,a5,35,33,da_artifacts/user_c16be560-e061-709d-a447-5a0779910084_topic_a5_order1_fixed.png,da_artifacts/user_c16be560-e061-709d-a447-5a0779910084_topic_a5_order2_fixed.png
11dbf510-3071-705c-f2d1-83420f60f130,a3,35,33,da_artifacts/user_11dbf510-3071-705c-f2d1-83420f60f130_topic_a3_order1_fixed.png,da_artifacts/user_11dbf510-3071-705c-f2d1-83420f60f130_topic_a3_order2_fixed.png
311bb5b0-8031-704a-d26b-1a35da2044f9,a7,35,34,da_artifacts/user_311bb5b0-8031-704a-d26b-1a35da2044f9_topic_a7_order1_fixed.png,da_artifacts/user_311bb5b0-8031-704a-d26b-1a35da2044f9_topic_a7_order2_fixed.png
01ebf5c0-7001-7089-68b3-ebba941641c4,a4,35,34,da_artifacts/user_01ebf5c0-7001-7089-68b3-ebba941641c4_topic_a4_order1_fixed.png,da_artifacts/user_01ebf5c0-7001-7089-68b3-ebba941641c4_topic_a4_order2_fixed.png
115ba5a0-f021-7098-63b7-6750e7705b72,a6,33,30,da_artifacts/user_115ba5a0-f021-7098-63b7-6750e7705b72_topic_a6_order1_fixed.png,da_artifacts/user_115ba5a0-f021-7098-63b7-6750e7705b72_topic_a6_order2_fixed.png
b1bbe550-6071-708d-a4b6-8d280dff01d0,a1,35,34,da_artifacts/user_b1bbe550-6071-708d-a4b6-8d280dff01d0_topic_a1_order1_fixed.png,da_artifacts/user_b1bbe550-6071-708d-a4b6-8d280dff01d0_topic_a1_order2_fixed.png
c11bd560-50c1-70ac-8129-15966669f4ae,a4,35,34,da_artifacts/user_c11bd560-50c1-70ac-8129-15966669f4ae_topic_a4_order1_fixed.png,da_artifacts/user_c11bd560-50c1-70ac-8129-15966669f4ae_topic_a4_order2_fixed.png
a10bd580-0091-709a-49e7-6e9c96ea58c6,a3,32,28,da_artifacts/user_a10bd580-0091-709a-49e7-6e9c96ea58c6_topic_a3_order1_fixed.png,da_artifacts/user_a10bd580-0091-709a-49e7-6e9c96ea58c6_topic_a3_order2_fixed.png
811bc590-9011-705e-82d7-38a6c705a6c4,a3,31,26,da_artifacts/user_811bc590-9011-705e-82d7-38a6c705a6c4_topic_a3_order1_fixed.png,da_artifacts/user_811bc590-9011-705e-82d7-38a6c705a6c4_topic_a3_order2_fixed.png
f17ba530-1081-709f-a59d-3f05cc7fb431,a3,34,32,da_artifacts/user_f17ba530-1081-709f-a59d-3f05cc7fb431_topic_a3_order1_fixed.png,da_artifacts/user_f17ba530-1081-709f-a59d-3f05cc7fb431_topic_a3_order2_fixed.png
310bd5d0-6061-7098-d41e-41b982248427,a3,33,30,da_artifacts/user_310bd5d0-6061-7098-d41e-41b982248427_topic_a3_order1_fixed.png,da_artifacts/user_310bd5d0-6061-7098-d41e-41b982248427_topic_a3_order2_fixed.png
f1abd540-a0f1-70c2-5c22-206895f355ca,a6,31,27,da_artifacts/user_f1abd540-a0f1-70c2-5c22-206895f355ca_topic_a6_order1_fixed.png,da_artifacts/user_f1abd540-a0f1-70c2-5c22-206895f355ca_topic_a6_order2_fixed.png
112b5570-40c1-70f5-ada6-8cd2d2eb5007,a1,33,31,da_artifacts/user_112b5570-40c1-70f5-ada6-8cd2d2eb5007_topic_a1_order1_fixed.png,da_artifacts/user_112b5570-40c1-70f5-ada6-8cd2d2eb5007_topic_a1_order2_fixed.png
61abe5e0-d021-7066-78e5-8732da2c09a0,a5,34,33,da_artifacts/user_61abe5e0-d021-7066-78e5-8732da2c09a0_topic_a5_order1_fixed.png,da_artifacts/user_61abe5e0-d021-7066-78e5-8732da2c09a0_topic_a5_order2_fixed.png
01ebf5c0-7001-7089-68b3-ebba941641c4,a5,34,33,da_artifacts/user_01ebf5c0-7001-7089-68b3-ebba941641c4_topic_a5_order1_fixed.png,da_artifacts/user_01ebf5c0-7001-7089-68b3-ebba941641c4_topic_a5_order2_fixed.png
e16b9530-e031-70ad-d225-033f2f45a27d,a4,32,29,da_artifacts/user_e16b9530-e031-70ad-d225-033f2f45a27d_topic_a4_order1_fixed.png,da_artifacts/user_e16b9530-e031-70ad-d225-033f2f45a27d_topic_a4_order2_fixed.png
e1cb9560-4091-706e-840f-87a913394f9e,a5,31,28,da_artifacts/user_e1cb9560-4091-706e-840f-87a913394f9e_topic_a5_order1_fixed.png,da_artifacts/user_e1cb9560-4091-706e-840f-87a913394f9e_topic_a5_order2_fixed.png
e14bd5d0-0021-70f1-8b50-efac4033a68a,a7,32,30,da_artifacts/user_e14bd5d0-0021-70f1-8b50-efac4033a68a_topic_a7_order1_fixed.png,da_artifacts/user_e14bd5d0-0021-70f1-8b50-efac4033a68a_topic_a7_order2_fixed.png
218b1530-20e1-701a-ba31-9c86c7da05bc,a5,33,32,da_artifacts/user_218b1530-20e1-701a-ba31-9c86c7da05bc_topic_a5_order1_fixed.png,da_artifacts/user_218b1530-20e1-701a-ba31-9c86c7da05bc_topic_a5_order2_fixed.png
219b2590-e041-704c-6a88-f3a3366c6cc5,a3,33,32,da_artifacts/user_219b2590-e041-704c-6a88-f3a3366c6cc5_topic_a3_order1_fixed.png,da_artifacts/user_219b2590-e041-704c-6a88-f3a3366c6cc5_topic_a3_order2_fixed.png
219b2590-e041-704c-6a88-f3a3366c6cc5,a6,30,26,da_artifacts/user_219b2590-e041-704c-6a88-f3a3366c6cc5_topic_a6_order1_fixed.png,da_artifacts/user_219b2590-e041-704c-6a88-f3a3366c6cc5_topic_a6_order2_fixed.png
611bf540-9091-708a-926e-51ff59cf9473,a4,32,30,da_artifacts/user_611bf540-9091-708a-926e-51ff59cf9473_topic_a4_order1_fixed.png,da_artifacts/user_611bf540-9091-708a-926e-51ff59cf9473_topic_a4_order2_fixed.png
719b2530-2001-7002-244b-0c90ec1dc48d,a3,32,30,da_artifacts/user_719b2530-2001-7002-244b-0c90ec1dc48d_topic_a3_order1_fixed.png,da_artifacts/user_719b2530-2001-7002-244b-0c90ec1dc48d_topic_a3_order2_fixed.png
71ab5570-8001-709a-1343-b36f475fb202,a7,32,31,da_artifacts/user_71ab5570-8001-709a-1343-b36f475fb202_topic_a7_order1_fixed.png,da_artifacts/user_71ab5570-8001-709a-1343-b36f475fb202_topic_a7_order2_fixed.png
e18b6520-b0e1-70b8-ec64-a69aa95d052f,a3,30,27,da_artifacts/user_e18b6520-b0e1-70b8-ec64-a69aa95d052f_topic_a3_order1_fixed.png,da_artifacts/user_e18b6520-b0e1-70b8-ec64-a69aa95d052f_topic_a3_order2_fixed.png
81fbd560-90f1-70a6-16ea-d6a5ac61b239,a3,30,27,da_artifacts/user_81fbd560-90f1-70a6-16ea-d6a5ac61b239_topic_a3_order1_fixed.png,da_artifacts/user_81fbd560-90f1-70a6-16ea-d6a5ac61b239_topic_a3_order2_fixed.png
e17b7530-3021-70d1-5891-3515d4c26ec6,a4,30,27,da_artifacts/user_e17b7530-3021-70d1-5891-3515d4c26ec6_topic_a4_order1_fixed.png,da_artifacts/user_e17b7530-3021-70d1-5891-3515d4c26ec6_topic_a4_order2_fixed.png
218ba540-4081-70eb-5d75-b3fa54f82268,a4,32,31,da_artifacts/user_218ba540-4081-70eb-5d75-b3fa54f82268_topic_a4_order1_fixed.png,da_artifacts/user_218ba540-4081-70eb-5d75-b3fa54f82268_topic_a4_order2_fixed.png
61eb0590-9001-70e9-9ded-e189346bd845,a5,30,27,da_artifacts/user_61eb0590-9001-70e9-9ded-e189346bd845_topic_a5_order1_fixed.png,da_artifacts/user_61eb0590-9001-70e9-9ded-e189346bd845_topic_a5_order2_fixed.png
017bc500-50b1-70d6-f73f-a218553355df,a2,31,29,da_artifacts/user_017bc500-50b1-70d6-f73f-a218553355df_topic_a2_order1_fixed.png,da_artifacts/user_017bc500-50b1-70d6-f73f-a218553355df_topic_a2_order2_fixed.png
b1bbe550-6071-708d-a4b6-8d280dff01d0,a7,30,27,da_artifacts/user_b1bbe550-6071-708d-a4b6-8d280dff01d0_topic_a7_order1_fixed.png,da_artifacts/user_b1bbe550-6071-708d-a4b6-8d280dff01d0_topic_a7_order2_fixed.png
011bd560-70e1-7036-62a9-3d29afd5179d,a3,31,29,da_artifacts/user_011bd560-70e1-7036-62a9-3d29afd5179d_topic_a3_order1_fixed.png,da_artifacts/user_011bd560-70e1-7036-62a9-3d29afd5179d_topic_a3_order2_fixed.png
61abe5e0-d021-7066-78e5-8732da2c09a0,a4,32,31,da_artifacts/user_61abe5e0-d021-7066-78e5-8732da2c09a0_topic_a4_order1_fixed.png,da_artifacts/user_61abe5e0-d021-7066-78e5-8732da2c09a0_topic_a4_order2_fixed.png
b14ba500-e041-701b-eba7-204e26a8a5b7,a3,30,27,da_artifacts/user_b14ba500-e041-701b-eba7-204e26a8a5b7_topic_a3_order1_fixed.png,da_artifacts/user_b14ba500-e041-701b-eba7-204e26a8a5b7_topic_a3_order2_fixed.png
f17ba530-1081-709f-a59d-3f05cc7fb431,a4,30,27,da_artifacts/user_f17ba530-1081-709f-a59d-3f05cc7fb431_topic_a4_order1_fixed.png,da_artifacts/user_f17ba530-1081-709f-a59d-3f05cc7fb431_topic_a4_order2_fixed.png
d16ba510-9071-703c-6c73-2f57834ea988,a4,32,31,da_artifacts/user_d16ba510-9071-703c-6c73-2f57834ea988_topic_a4_order1_fixed.png,da_artifacts/user_d16ba510-9071-703c-6c73-2f57834ea988_topic_a4_order2_fixed.png
11cb7520-40f1-70ca-46b8-915a77bae7de,a5,31,29,da_artifacts/user_11cb7520-40f1-70ca-46b8-915a77bae7de_topic_a5_order1_fixed.png,da_artifacts/user_11cb7520-40f1-70ca-46b8-915a77bae7de_topic_a5_order2_fixed.png
710bd530-f031-7016-ebe5-ee614a366f14,a4,32,31,da_artifacts/user_710bd530-f031-7016-ebe5-ee614a366f14_topic_a4_order1_fixed.png,da_artifacts/user_710bd530-f031-7016-ebe5-ee614a366f14_topic_a4_order2_fixed.png
31db5580-10e1-70d5-9f5c-004b166ac03c,a4,29,26,da_artifacts/user_31db5580-10e1-70d5-9f5c-004b166ac03c_topic_a4_order1_fixed.png,da_artifacts/user_31db5580-10e1-70d5-9f5c-004b166ac03c_topic_a4_order2_fixed.png
21fb65c0-a0d1-7058-ae17-4b20090157aa,a1,31,30,da_artifacts/user_21fb65c0-a0d1-7058-ae17-4b20090157aa_topic_a1_order1_fixed.png,da_artifacts/user_21fb65c0-a0d1-7058-ae17-4b20090157aa_topic_a1_order2_fixed.png
a1cb4570-5011-70b5-5fdf-1eaee3de61f4,a7,31,30,da_artifacts/user_a1cb4570-5011-70b5-5fdf-1eaee3de61f4_topic_a7_order1_fixed.png,da_artifacts/user_a1cb4570-5011-70b5-5fdf-1eaee3de61f4_topic_a7_order2_fixed.png
714b9540-8061-70d8-daaa-8a4b42d4dd71,a6,29,26,da_artifacts/user_714b9540-8061-70d8-daaa-8a4b42d4dd71_topic_a6_order1_fixed.png,da_artifacts/user_714b9540-8061-70d8-daaa-8a4b42d4dd71_topic_a6_order2_fixed.png
719b2530-2001-7002-244b-0c90ec1dc48d,a5,31,30,da_artifacts/user_719b2530-2001-7002-244b-0c90ec1dc48d_topic_a5_order1_fixed.png,da_artifacts/user_719b2530-2001-7002-244b-0c90ec1dc48d_topic_a5_order2_fixed.png
516b7570-00e1-700e-b368-e544714cb230,a2,31,30,da_artifacts/user_516b7570-00e1-700e-b368-e544714cb230_topic_a2_order1_fixed.png,da_artifacts/user_516b7570-00e1-700e-b368-e544714cb230_topic_a2_order2_fixed.png
81bb0570-e0e1-70e9-3e09-b26d835387b4,a5,30,29,da_artifacts/user_81bb0570-e0e1-70e9-3e09-b26d835387b4_topic_a5_order1_fixed.png,da_artifacts/user_81bb0570-e0e1-70e9-3e09-b26d835387b4_topic_a5_order2_fixed.png
b1cb15d0-c071-70b9-1731-442bca494a97,a2,28,25,da_artifacts/user_b1cb15d0-c071-70b9-1731-442bca494a97_topic_a2_order1_fixed.png,da_artifacts/user_b1cb15d0-c071-70b9-1731-442bca494a97_topic_a2_order2_fixed.png
81bb0570-e0e1-70e9-3e09-b26d835387b4,a4,30,29,da_artifacts/user_81bb0570-e0e1-70e9-3e09-b26d835387b4_topic_a4_order1_fixed.png,da_artifacts/user_81bb0570-e0e1-70e9-3e09-b26d835387b4_topic_a4_order2_fixed.png
a1eba540-c0b1-7047-0613-98a1815ad2ae,a3,28,25,da_artifacts/user_a1eba540-c0b1-7047-0613-98a1815ad2ae_topic_a3_order1_fixed.png,da_artifacts/user_a1eba540-c0b1-7047-0613-98a1815ad2ae_topic_a3_order2_fixed.png
611bf540-9091-708a-926e-51ff59cf9473,a6,29,27,da_artifacts/user_611bf540-9091-708a-926e-51ff59cf9473_topic_a6_order1_fixed.png,da_artifacts/user_611bf540-9091-708a-926e-51ff59cf9473_topic_a6_order2_fixed.png
e18b45c0-20a1-7039-271f-10630ddc7b88,a3,30,29,da_artifacts/user_e18b45c0-20a1-7039-271f-10630ddc7b88_topic_a3_order1_fixed.png,da_artifacts/user_e18b45c0-20a1-7039-271f-10630ddc7b88_topic_a3_order2_fixed.png
218ba540-4081-70eb-5d75-b3fa54f82268,a5,30,29,da_artifacts/user_218ba540-4081-70eb-5d75-b3fa54f82268_topic_a5_order1_fixed.png,da_artifacts/user_218ba540-4081-70eb-5d75-b3fa54f82268_topic_a5_order2_fixed.png
f17ba530-1081-709f-a59d-3f05cc7fb431,a5,30,29,da_artifacts/user_f17ba530-1081-709f-a59d-3f05cc7fb431_topic_a5_order1_fixed.png,da_artifacts/user_f17ba530-1081-709f-a59d-3f05cc7fb431_topic_a5_order2_fixed.png
813b4500-6031-701e-c56f-d60220a6081f,a3,27,24,da_artifacts/user_813b4500-6031-701e-c56f-d60220a6081f_topic_a3_order1_fixed.png,da_artifacts/user_813b4500-6031-701e-c56f-d60220a6081f_topic_a3_order2_fixed.png
61bb4560-e0e1-70b5-d308-ad58511a0fc5,a2,29,28,da_artifacts/user_61bb4560-e0e1-70b5-d308-ad58511a0fc5_topic_a2_order1_fixed.png,da_artifacts/user_61bb4560-e0e1-70b5-d308-ad58511a0fc5_topic_a2_order2_fixed.png
813b4500-6031-701e-c56f-d60220a6081f,a2,22,14,da_artifacts/user_813b4500-6031-701e-c56f-d60220a6081f_topic_a2_order1_fixed.png,da_artifacts/user_813b4500-6031-701e-c56f-d60220a6081f_topic_a2_order2_fixed.png
71cb5540-20c1-70a9-1806-fbc6af5f0b86,a3,27,24,da_artifacts/user_71cb5540-20c1-70a9-1806-fbc6af5f0b86_topic_a3_order1_fixed.png,da_artifacts/user_71cb5540-20c1-70a9-1806-fbc6af5f0b86_topic_a3_order2_fixed.png
711b6580-50d1-70c7-2c33-364aab9519a1,a3,29,28,da_artifacts/user_711b6580-50d1-70c7-2c33-364aab9519a1_topic_a3_order1_fixed.png,da_artifacts/user_711b6580-50d1-70c7-2c33-364aab9519a1_topic_a3_order2_fixed.png
514b6590-9031-70f3-bdf0-6fb6ff753346,a3,25,20,da_artifacts/user_514b6590-9031-70f3-bdf0-6fb6ff753346_topic_a3_order1_fixed.png,da_artifacts/user_514b6590-9031-70f3-bdf0-6fb6ff753346_topic_a3_order2_fixed.png
f11bd590-d0f1-70a8-f80a-d8522e3d0cd6,a1,26,22,da_artifacts/user_f11bd590-d0f1-70a8-f80a-d8522e3d0cd6_topic_a1_order1_fixed.png,da_artifacts/user_f11bd590-d0f1-70a8-f80a-d8522e3d0cd6_topic_a1_order2_fixed.png
b19ba550-c0d1-706b-5b31-6f30f3eaa255,a2,29,28,da_artifacts/user_b19ba550-c0d1-706b-5b31-6f30f3eaa255_topic_a2_order1_fixed.png,da_artifacts/user_b19ba550-c0d1-706b-5b31-6f30f3eaa255_topic_a2_order2_fixed.png
81cbb5e0-9011-7077-7e4e-7aca1564666c,a3,28,26,da_artifacts/user_81cbb5e0-9011-7077-7e4e-7aca1564666c_topic_a3_order1_fixed.png,da_artifacts/user_81cbb5e0-9011-7077-7e4e-7aca1564666c_topic_a3_order2_fixed.png
c1ab8590-4021-709d-24e8-65c1ff2dac53,a3,27,24,da_artifacts/user_c1ab8590-4021-709d-24e8-65c1ff2dac53_topic_a3_order1_fixed.png,da_artifacts/user_c1ab8590-4021-709d-24e8-65c1ff2dac53_topic_a3_order2_fixed.png
218ba540-4081-70eb-5d75-b3fa54f82268,a2,29,28,da_artifacts/user_218ba540-4081-70eb-5d75-b3fa54f82268_topic_a2_order1_fixed.png,da_artifacts/user_218ba540-4081-70eb-5d75-b3fa54f82268_topic_a2_order2_fixed.png
e1cb9560-4091-706e-840f-87a913394f9e,a3,25,20,da_artifacts/user_e1cb9560-4091-706e-840f-87a913394f9e_topic_a3_order1_fixed.png,da_artifacts/user_e1cb9560-4091-706e-840f-87a913394f9e_topic_a3_order2_fixed.png
91bbe500-b011-7005-c471-0da2f8815108,a4,29,28,da_artifacts/user_91bbe500-b011-7005-c471-0da2f8815108_topic_a4_order1_fixed.png,da_artifacts/user_91bbe500-b011-7005-c471-0da2f8815108_topic_a4_order2_fixed.png
e12ba500-f0e1-70f2-73ab-05c1cbc44b76,a6,27,24,da_artifacts/user_e12ba500-f0e1-70f2-73ab-05c1cbc44b76_topic_a6_order1_fixed.png,da_artifacts/user_e12ba500-f0e1-70f2-73ab-05c1cbc44b76_topic_a6_order2_fixed.png
f11bc560-6081-70ae-2949-07ca788f237b,a4,26,22,da_artifacts/user_f11bc560-6081-70ae-2949-07ca788f237b_topic_a4_order1_fixed.png,da_artifacts/user_f11bc560-6081-70ae-2949-07ca788f237b_topic_a4_order2_fixed.png
31cb6500-d081-7067-9d22-37992452f2ad,a2,28,27,da_artifacts/user_31cb6500-d081-7067-9d22-37992452f2ad_topic_a2_order1_fixed.png,da_artifacts/user_31cb6500-d081-7067-9d22-37992452f2ad_topic_a2_order2_fixed.png
c1ab8590-4021-709d-24e8-65c1ff2dac53,a4,27,25,da_artifacts/user_c1ab8590-4021-709d-24e8-65c1ff2dac53_topic_a4_order1_fixed.png,da_artifacts/user_c1ab8590-4021-709d-24e8-65c1ff2dac53_topic_a4_order2_fixed.png
d17b6520-5071-7048-0b67-edd7ac9f9e44,a2,27,25,da_artifacts/user_d17b6520-5071-7048-0b67-edd7ac9f9e44_topic_a2_order1_fixed.png,da_artifacts/user_d17b6520-5071-7048-0b67-edd7ac9f9e44_topic_a2_order2_fixed.png
c11bd560-50c1-70ac-8129-15966669f4ae,a5,28,27,da_artifacts/user_c11bd560-50c1-70ac-8129-15966669f4ae_topic_a5_order1_fixed.png,da_artifacts/user_c11bd560-50c1-70ac-8129-15966669f4ae_topic_a5_order2_fixed.png
311bb5b0-8031-704a-d26b-1a35da2044f9,a3,28,27,da_artifacts/user_311bb5b0-8031-704a-d26b-1a35da2044f9_topic_a3_order1_fixed.png,da_artifacts/user_311bb5b0-8031-704a-d26b-1a35da2044f9_topic_a3_order2_fixed.png
c11b3500-c051-70c9-5385-6797f6c08070,a3,28,27,da_artifacts/user_c11b3500-c051-70c9-5385-6797f6c08070_topic_a3_order1_fixed.png,da_artifacts/user_c11b3500-c051-70c9-5385-6797f6c08070_topic_a3_order2_fixed.png
a13b5500-0021-7047-dba8-89607721af5d,a3,28,27,da_artifacts/user_a13b5500-0021-7047-dba8-89607721af5d_topic_a3_order1_fixed.png,da_artifacts/user_a13b5500-0021-7047-dba8-89607721af5d_topic_a3_order2_fixed.png
415b55a0-10a1-704e-fbb1-94f533c8040b,a7,27,25,da_artifacts/user_415b55a0-10a1-704e-fbb1-94f533c8040b_topic_a7_order1_fixed.png,da_artifacts/user_415b55a0-10a1-704e-fbb1-94f533c8040b_topic_a7_order2_fixed.png
01eb9580-3071-70a9-01aa-f63e5dd14609,a3,26,23,da_artifacts/user_01eb9580-3071-70a9-01aa-f63e5dd14609_topic_a3_order1_fixed.png,da_artifacts/user_01eb9580-3071-70a9-01aa-f63e5dd14609_topic_a3_order2_fixed.png
a10bd580-0091-709a-49e7-6e9c96ea58c6,a6,27,25,da_artifacts/user_a10bd580-0091-709a-49e7-6e9c96ea58c6_topic_a6_order1_fixed.png,da_artifacts/user_a10bd580-0091-709a-49e7-6e9c96ea58c6_topic_a6_order2_fixed.png
714b9540-8061-70d8-daaa-8a4b42d4dd71,a7,28,27,da_artifacts/user_714b9540-8061-70d8-daaa-8a4b42d4dd71_topic_a7_order1_fixed.png,da_artifacts/user_714b9540-8061-70d8-daaa-8a4b42d4dd71_topic_a7_order2_fixed.png
81fbe5c0-8001-7054-3ac3-3e9db3f6e198,a3,26,23,da_artifacts/user_81fbe5c0-8001-7054-3ac3-3e9db3f6e198_topic_a3_order1_fixed.png,da_artifacts/user_81fbe5c0-8001-7054-3ac3-3e9db3f6e198_topic_a3_order2_fixed.png
31cb6500-d081-7067-9d22-37992452f2ad,a7,28,27,da_artifacts/user_31cb6500-d081-7067-9d22-37992452f2ad_topic_a7_order1_fixed.png,da_artifacts/user_31cb6500-d081-7067-9d22-37992452f2ad_topic_a7_order2_fixed.png
c1ab6550-a0a1-7068-381c-46a9e01d4df5,a7,24,19,da_artifacts/user_c1ab6550-a0a1-7068-381c-46a9e01d4df5_topic_a7_order1_fixed.png,da_artifacts/user_c1ab6550-a0a1-7068-381c-46a9e01d4df5_topic_a7_order2_fixed.png
41fb4560-10f1-7016-b8cc-cd2bc89239b7,a4,27,26,da_artifacts/user_41fb4560-10f1-7016-b8cc-cd2bc89239b7_topic_a4_order1_fixed.png,da_artifacts/user_41fb4560-10f1-7016-b8cc-cd2bc89239b7_topic_a4_order2_fixed.png
017bc500-50b1-70d6-f73f-a218553355df,a6,26,24,da_artifacts/user_017bc500-50b1-70d6-f73f-a218553355df_topic_a6_order1_fixed.png,da_artifacts/user_017bc500-50b1-70d6-f73f-a218553355df_topic_a6_order2_fixed.png
411be510-8031-7076-69a0-27626d9dd276,a3,25,22,da_artifacts/user_411be510-8031-7076-69a0-27626d9dd276_topic_a3_order1_fixed.png,da_artifacts/user_411be510-8031-7076-69a0-27626d9dd276_topic_a3_order2_fixed.png
31fbe520-0061-70e7-7783-8fdc38bd09fd,a5,27,26,da_artifacts/user_31fbe520-0061-70e7-7783-8fdc38bd09fd_topic_a5_order1_fixed.png,da_artifacts/user_31fbe520-0061-70e7-7783-8fdc38bd09fd_topic_a5_order2_fixed.png
01eb0530-d011-70d4-70a6-3d8b36a0733f,a4,26,24,da_artifacts/user_01eb0530-d011-70d4-70a6-3d8b36a0733f_topic_a4_order1_fixed.png,da_artifacts/user_01eb0530-d011-70d4-70a6-3d8b36a0733f_topic_a4_order2_fixed.png
f16b2520-6021-70ee-b980-7a50d804795d,a6,26,24,da_artifacts/user_f16b2520-6021-70ee-b980-7a50d804795d_topic_a6_order1_fixed.png,da_artifacts/user_f16b2520-6021-70ee-b980-7a50d804795d_topic_a6_order2_fixed.png
c18b0590-1021-70b2-a04d-7da82bf20079,a2,25,22,da_artifacts/user_c18b0590-1021-70b2-a04d-7da82bf20079_topic_a2_order1_fixed.png,da_artifacts/user_c18b0590-1021-70b2-a04d-7da82bf20079_topic_a2_order2_fixed.png
91ab25a0-f051-70ce-9d29-ac0649a68c53,a3,22,16,da_artifacts/user_91ab25a0-f051-70ce-9d29-ac0649a68c53_topic_a3_order1_fixed.png,da_artifacts/user_91ab25a0-f051-70ce-9d29-ac0649a68c53_topic_a3_order2_fixed.png
210bd5c0-70d1-7070-b076-8b8ae197fb56,a3,22,16,da_artifacts/user_210bd5c0-70d1-7070-b076-8b8ae197fb56_topic_a3_order1_fixed.png,da_artifacts/user_210bd5c0-70d1-7070-b076-8b8ae197fb56_topic_a3_order2_fixed.png
b1bbe550-6071-708d-a4b6-8d280dff01d0,a4,25,23,da_artifacts/user_b1bbe550-6071-708d-a4b6-8d280dff01d0_topic_a4_order1_fixed.png,da_artifacts/user_b1bbe550-6071-708d-a4b6-8d280dff01d0_topic_a4_order2_fixed.png
31cb6500-d081-7067-9d22-37992452f2ad,a5,24,21,da_artifacts/user_31cb6500-d081-7067-9d22-37992452f2ad_topic_a5_order1_fixed.png,da_artifacts/user_31cb6500-d081-7067-9d22-37992452f2ad_topic_a5_order2_fixed.png
f17ba530-1081-709f-a59d-3f05cc7fb431,a2,26,25,da_artifacts/user_f17ba530-1081-709f-a59d-3f05cc7fb431_topic_a2_order1_fixed.png,da_artifacts/user_f17ba530-1081-709f-a59d-3f05cc7fb431_topic_a2_order2_fixed.png
e16b9530-e031-70ad-d225-033f2f45a27d,a5,25,23,da_artifacts/user_e16b9530-e031-70ad-d225-033f2f45a27d_topic_a5_order1_fixed.png,da_artifacts/user_e16b9530-e031-70ad-d225-033f2f45a27d_topic_a5_order2_fixed.png
01eb0530-d011-70d4-70a6-3d8b36a0733f,a5,26,25,da_artifacts/user_01eb0530-d011-70d4-70a6-3d8b36a0733f_topic_a5_order1_fixed.png,da_artifacts/user_01eb0530-d011-70d4-70a6-3d8b36a0733f_topic_a5_order2_fixed.png
e14bd5d0-0021-70f1-8b50-efac4033a68a,a5,26,25,da_artifacts/user_e14bd5d0-0021-70f1-8b50-efac4033a68a_topic_a5_order1_fixed.png,da_artifacts/user_e14bd5d0-0021-70f1-8b50-efac4033a68a_topic_a5_order2_fixed.png
c11b3500-c051-70c9-5385-6797f6c08070,a4,25,23,da_artifacts/user_c11b3500-c051-70c9-5385-6797f6c08070_topic_a4_order1_fixed.png,da_artifacts/user_c11b3500-c051-70c9-5385-6797f6c08070_topic_a4_order2_fixed.png
019be580-4061-7075-debb-ffd77dc8ca40,a4,20,13,da_artifacts/user_019be580-4061-7075-debb-ffd77dc8ca40_topic_a4_order1_fixed.png,da_artifacts/user_019be580-4061-7075-debb-ffd77dc8ca40_topic_a4_order2_fixed.png
01cbf550-9041-70f1-3bbe-92176ffa992e,a2,22,17,da_artifacts/user_01cbf550-9041-70f1-3bbe-92176ffa992e_topic_a2_order1_fixed.png,da_artifacts/user_01cbf550-9041-70f1-3bbe-92176ffa992e_topic_a2_order2_fixed.png
112b5570-40c1-70f5-ada6-8cd2d2eb5007,a3,26,25,da_artifacts/user_112b5570-40c1-70f5-ada6-8cd2d2eb5007_topic_a3_order1_fixed.png,da_artifacts/user_112b5570-40c1-70f5-ada6-8cd2d2eb5007_topic_a3_order2_fixed.png
81bb0570-e0e1-70e9-3e09-b26d835387b4,a6,25,23,da_artifacts/user_81bb0570-e0e1-70e9-3e09-b26d835387b4_topic_a6_order1_fixed.png,da_artifacts/user_81bb0570-e0e1-70e9-3e09-b26d835387b4_topic_a6_order2_fixed.png
e12ba500-f0e1-70f2-73ab-05c1cbc44b76,a1,21,16,da_artifacts/user_e12ba500-f0e1-70f2-73ab-05c1cbc44b76_topic_a1_order1_fixed.png,da_artifacts/user_e12ba500-f0e1-70f2-73ab-05c1cbc44b76_topic_a1_order2_fixed.png
f17ba530-1081-709f-a59d-3f05cc7fb431,a6,25,24,da_artifacts/user_f17ba530-1081-709f-a59d-3f05cc7fb431_topic_a6_order1_fixed.png,da_artifacts/user_f17ba530-1081-709f-a59d-3f05cc7fb431_topic_a6_order2_fixed.png
410b95f0-5061-701c-4a3c-9930963ae77f,a2,25,24,da_artifacts/user_410b95f0-5061-701c-4a3c-9930963ae77f_topic_a2_order1_fixed.png,da_artifacts/user_410b95f0-5061-701c-4a3c-9930963ae77f_topic_a2_order2_fixed.png
c16be560-e061-709d-a447-5a0779910084,a2,20,14,da_artifacts/user_c16be560-e061-709d-a447-5a0779910084_topic_a2_order1_fixed.png,da_artifacts/user_c16be560-e061-709d-a447-5a0779910084_topic_a2_order2_fixed.png
919b25a0-0071-7022-b6bb-2716eefd7953,a4,25,24,da_artifacts/user_919b25a0-0071-7022-b6bb-2716eefd7953_topic_a4_order1_fixed.png,da_artifacts/user_919b25a0-0071-7022-b6bb-2716eefd7953_topic_a4_order2_fixed.png
f1abd540-a0f1-70c2-5c22-206895f355ca,a3,25,24,da_artifacts/user_f1abd540-a0f1-70c2-5c22-206895f355ca_topic_a3_order1_fixed.png,da_artifacts/user_f1abd540-a0f1-70c2-5c22-206895f355ca_topic_a3_order2_fixed.png
f1abd540-a0f1-70c2-5c22-206895f355ca,a4,25,24,da_artifacts/user_f1abd540-a0f1-70c2-5c22-206895f355ca_topic_a4_order1_fixed.png,da_artifacts/user_f1abd540-a0f1-70c2-5c22-206895f355ca_topic_a4_order2_fixed.png
f1cbc5b0-a0b1-7062-ca17-580f39de4c83,a6,24,22,da_artifacts/user_f1cbc5b0-a0b1-7062-ca17-580f39de4c83_topic_a6_order1_fixed.png,da_artifacts/user_f1cbc5b0-a0b1-7062-ca17-580f39de4c83_topic_a6_order2_fixed.png
31ab1560-b091-7055-7307-da7f622a0e6b,a4,25,24,da_artifacts/user_31ab1560-b091-7055-7307-da7f622a0e6b_topic_a4_order1_fixed.png,da_artifacts/user_31ab1560-b091-7055-7307-da7f622a0e6b_topic_a4_order2_fixed.png
21fb2560-d0c1-70cc-8456-cb80cc078b11,a5,25,24,da_artifacts/user_21fb2560-d0c1-70cc-8456-cb80cc078b11_topic_a5_order1_fixed.png,da_artifacts/user_21fb2560-d0c1-70cc-8456-cb80cc078b11_topic_a5_order2_fixed.png
116b0520-f0b1-70d5-0575-61162dd862fd,a1,25,24,da_artifacts/user_116b0520-f0b1-70d5-0575-61162dd862fd_topic_a1_order1_fixed.png,da_artifacts/user_116b0520-f0b1-70d5-0575-61162dd862fd_topic_a1_order2_fixed.png
01ebf5c0-7001-7089-68b3-ebba941641c4,a7,25,24,da_artifacts/user_01ebf5c0-7001-7089-68b3-ebba941641c4_topic_a7_order1_fixed.png,da_artifacts/user_01ebf5c0-7001-7089-68b3-ebba941641c4_topic_a7_order2_fixed.png
01ebf5c0-7001-7089-68b3-ebba941641c4,a3,25,24,da_artifacts/user_01ebf5c0-7001-7089-68b3-ebba941641c4_topic_a3_order1_fixed.png,da_artifacts/user_01ebf5c0-7001-7089-68b3-ebba941641c4_topic_a3_order2_fixed.png
a1eb05a0-7031-707b-b065-0f30c86f0a6e,a7,23,21,da_artifacts/user_a1eb05a0-7031-707b-b065-0f30c86f0a6e_topic_a7_order1_fixed.png,da_artifacts/user_a1eb05a0-7031-707b-b065-0f30c86f0a6e_topic_a7_order2_fixed.png
a1fbb540-3041-70e7-def6-bcec00a31d99,a5,24,23,da_artifacts/user_a1fbb540-3041-70e7-def6-bcec00a31d99_topic_a5_order1_fixed.png,da_artifacts/user_a1fbb540-3041-70e7-def6-bcec00a31d99_topic_a5_order2_fixed.png
f11bc560-6081-70ae-2949-07ca788f237b,a5,24,23,da_artifacts/user_f11bc560-6081-70ae-2949-07ca788f237b_topic_a5_order1_fixed.png,da_artifacts/user_f11bc560-6081-70ae-2949-07ca788f237b_topic_a5_order2_fixed.png
b19ba550-c0d1-706b-5b31-6f30f3eaa255,a3,22,19,da_artifacts/user_b19ba550-c0d1-706b-5b31-6f30f3eaa255_topic_a3_order1_fixed.png,da_artifacts/user_b19ba550-c0d1-706b-5b31-6f30f3eaa255_topic_a3_order2_fixed.png
e18b6520-b0e1-70b8-ec64-a69aa95d052f,a2,20,15,da_artifacts/user_e18b6520-b0e1-70b8-ec64-a69aa95d052f_topic_a2_order1_fixed.png,da_artifacts/user_e18b6520-b0e1-70b8-ec64-a69aa95d052f_topic_a2_order2_fixed.png
b10b7510-d0b1-702f-66b3-3c1a07997d6d,a2,20,15,da_artifacts/user_b10b7510-d0b1-702f-66b3-3c1a07997d6d_topic_a2_order1_fixed.png,da_artifacts/user_b10b7510-d0b1-702f-66b3-3c1a07997d6d_topic_a2_order2_fixed.png
71cb5540-20c1-70a9-1806-fbc6af5f0b86,a4,21,17,da_artifacts/user_71cb5540-20c1-70a9-1806-fbc6af5f0b86_topic_a4_order1_fixed.png,da_artifacts/user_71cb5540-20c1-70a9-1806-fbc6af5f0b86_topic_a4_order2_fixed.png
911b1530-f081-70c6-8ba9-81ba9defa173,a2,20,16,da_artifacts/user_911b1530-f081-70c6-8ba9-81ba9defa173_topic_a2_order1_fixed.png,da_artifacts/user_911b1530-f081-70c6-8ba9-81ba9defa173_topic_a2_order2_fixed.png
a15b55c0-6081-70cd-a61b-afbdaf0eff13,a3,21,18,da_artifacts/user_a15b55c0-6081-70cd-a61b-afbdaf0eff13_topic_a3_order1_fixed.png,da_artifacts/user_a15b55c0-6081-70cd-a61b-afbdaf0eff13_topic_a3_order2_fixed.png
514b6590-9031-70f3-bdf0-6fb6ff753346,a2,23,22,da_artifacts/user_514b6590-9031-70f3-bdf0-6fb6ff753346_topic_a2_order1_fixed.png,da_artifacts/user_514b6590-9031-70f3-bdf0-6fb6ff753346_topic_a2_order2_fixed.png
41cb85f0-d081-708c-e151-e2b062eb0f1d,a5,23,22,da_artifacts/user_41cb85f0-d081-708c-e151-e2b062eb0f1d_topic_a5_order1_fixed.png,da_artifacts/user_41cb85f0-d081-708c-e151-e2b062eb0f1d_topic_a5_order2_fixed.png
01cbf550-9041-70f1-3bbe-92176ffa992e,a6,21,18,da_artifacts/user_01cbf550-9041-70f1-3bbe-92176ffa992e_topic_a6_order1_fixed.png,da_artifacts/user_01cbf550-9041-70f1-3bbe-92176ffa992e_topic_a6_order2_fixed.png
613b1510-4051-7027-1ee2-8f2c72d3c64b,a6,21,18,da_artifacts/user_613b1510-4051-7027-1ee2-8f2c72d3c64b_topic_a6_order1_fixed.png,da_artifacts/user_613b1510-4051-7027-1ee2-8f2c72d3c64b_topic_a6_order2_fixed.png
c11b3500-c051-70c9-5385-6797f6c08070,a6,19,14,da_artifacts/user_c11b3500-c051-70c9-5385-6797f6c08070_topic_a6_order1_fixed.png,da_artifacts/user_c11b3500-c051-70c9-5385-6797f6c08070_topic_a6_order2_fixed.png
516b7570-00e1-700e-b368-e544714cb230,a5,22,20,da_artifacts/user_516b7570-00e1-700e-b368-e544714cb230_topic_a5_order1_fixed.png,da_artifacts/user_516b7570-00e1-700e-b368-e544714cb230_topic_a5_order2_fixed.png
51abb5c0-8061-70ad-a2f4-55de1f7ca8e9,a5,21,18,da_artifacts/user_51abb5c0-8061-70ad-a2f4-55de1f7ca8e9_topic_a5_order1_fixed.png,da_artifacts/user_51abb5c0-8061-70ad-a2f4-55de1f7ca8e9_topic_a5_order2_fixed.png
b13be530-5051-70d1-0e6c-be1458ec7929,a7,22,20,da_artifacts/user_b13be530-5051-70d1-0e6c-be1458ec7929_topic_a7_order1_fixed.png,da_artifacts/user_b13be530-5051-70d1-0e6c-be1458ec7929_topic_a7_order2_fixed.png
811bc590-9011-705e-82d7-38a6c705a6c4,a5,22,20,da_artifacts/user_811bc590-9011-705e-82d7-38a6c705a6c4_topic_a5_order1_fixed.png,da_artifacts/user_811bc590-9011-705e-82d7-38a6c705a6c4_topic_a5_order2_fixed.png
91bbd550-f0a1-7047-142d-6aeab04713b1,a3,23,22,da_artifacts/user_91bbd550-f0a1-7047-142d-6aeab04713b1_topic_a3_order1_fixed.png,da_artifacts/user_91bbd550-f0a1-7047-142d-6aeab04713b1_topic_a3_order2_fixed.png
31cb6500-d081-7067-9d22-37992452f2ad,a6,21,18,da_artifacts/user_31cb6500-d081-7067-9d22-37992452f2ad_topic_a6_order1_fixed.png,da_artifacts/user_31cb6500-d081-7067-9d22-37992452f2ad_topic_a6_order2_fixed.png
91ab45a0-6011-7078-f1e9-b3a94075f7b7,a6,21,18,da_artifacts/user_91ab45a0-6011-7078-f1e9-b3a94075f7b7_topic_a6_order1_fixed.png,da_artifacts/user_91ab45a0-6011-7078-f1e9-b3a94075f7b7_topic_a6_order2_fixed.png
91ab45a0-6011-7078-f1e9-b3a94075f7b7,a3,23,22,da_artifacts/user_91ab45a0-6011-7078-f1e9-b3a94075f7b7_topic_a3_order1_fixed.png,da_artifacts/user_91ab45a0-6011-7078-f1e9-b3a94075f7b7_topic_a3_order2_fixed.png
011bd560-70e1-7036-62a9-3d29afd5179d,a2,21,19,da_artifacts/user_011bd560-70e1-7036-62a9-3d29afd5179d_topic_a2_order1_fixed.png,da_artifacts/user_011bd560-70e1-7036-62a9-3d29afd5179d_topic_a2_order2_fixed.png
f14b7530-60e1-704a-f8d5-4855523e6d94,a4,21,19,da_artifacts/user_f14b7530-60e1-704a-f8d5-4855523e6d94_topic_a4_order1_fixed.png,da_artifacts/user_f14b7530-60e1-704a-f8d5-4855523e6d94_topic_a4_order2_fixed.png
c1eb8590-5071-70c5-90a9-bcbf8ca28ccb,a6,22,21,da_artifacts/user_c1eb8590-5071-70c5-90a9-bcbf8ca28ccb_topic_a6_order1_fixed.png,da_artifacts/user_c1eb8590-5071-70c5-90a9-bcbf8ca28ccb_topic_a6_order2_fixed.png
d17b6520-5071-7048-0b67-edd7ac9f9e44,a4,22,21,da_artifacts/user_d17b6520-5071-7048-0b67-edd7ac9f9e44_topic_a4_order1_fixed.png,da_artifacts/user_d17b6520-5071-7048-0b67-edd7ac9f9e44_topic_a4_order2_fixed.png
e12ba500-f0e1-70f2-73ab-05c1cbc44b76,a2,19,15,da_artifacts/user_e12ba500-f0e1-70f2-73ab-05c1cbc44b76_topic_a2_order1_fixed.png,da_artifacts/user_e12ba500-f0e1-70f2-73ab-05c1cbc44b76_topic_a2_order2_fixed.png
c17bf5d0-5091-70a9-0d1d-8fbc31f9c224,a2,20,17,da_artifacts/user_c17bf5d0-5091-70a9-0d1d-8fbc31f9c224_topic_a2_order1_fixed.png,da_artifacts/user_c17bf5d0-5091-70a9-0d1d-8fbc31f9c224_topic_a2_order2_fixed.png
c17be530-0011-7066-b860-92d133614a57,a3,21,19,da_artifacts/user_c17be530-0011-7066-b860-92d133614a57_topic_a3_order1_fixed.png,da_artifacts/user_c17be530-0011-7066-b860-92d133614a57_topic_a3_order2_fixed.png
a15b55c0-6081-70cd-a61b-afbdaf0eff13,a7,22,21,da_artifacts/user_a15b55c0-6081-70cd-a61b-afbdaf0eff13_topic_a7_order1_fixed.png,da_artifacts/user_a15b55c0-6081-70cd-a61b-afbdaf0eff13_topic_a7_order2_fixed.png
11cb0520-80d1-70f1-831e-2d3d54b32de3,a4,21,19,da_artifacts/user_11cb0520-80d1-70f1-831e-2d3d54b32de3_topic_a4_order1_fixed.png,da_artifacts/user_11cb0520-80d1-70f1-831e-2d3d54b32de3_topic_a4_order2_fixed.png
711b6580-50d1-70c7-2c33-364aab9519a1,a5,22,21,da_artifacts/user_711b6580-50d1-70c7-2c33-364aab9519a1_topic_a5_order1_fixed.png,da_artifacts/user_711b6580-50d1-70c7-2c33-364aab9519a1_topic_a5_order2_fixed.png
b14ba500-e041-701b-eba7-204e26a8a5b7,a7,22,21,da_artifacts/user_b14ba500-e041-701b-eba7-204e26a8a5b7_topic_a7_order1_fixed.png,da_artifacts/user_b14ba500-e041-701b-eba7-204e26a8a5b7_topic_a7_order2_fixed.png
b19ba550-c0d1-706b-5b31-6f30f3eaa255,a4,22,21,da_artifacts/user_b19ba550-c0d1-706b-5b31-6f30f3eaa255_topic_a4_order1_fixed.png,da_artifacts/user_b19ba550-c0d1-706b-5b31-6f30f3eaa255_topic_a4_order2_fixed.png
21fb65c0-a0d1-7058-ae17-4b20090157aa,a4,21,20,da_artifacts/user_21fb65c0-a0d1-7058-ae17-4b20090157aa_topic_a4_order1_fixed.png,da_artifacts/user_21fb65c0-a0d1-7058-ae17-4b20090157aa_topic_a4_order2_fixed.png
41cb85f0-d081-708c-e151-e2b062eb0f1d,a2,20,18,da_artifacts/user_41cb85f0-d081-708c-e151-e2b062eb0f1d_topic_a2_order1_fixed.png,da_artifacts/user_41cb85f0-d081-708c-e151-e2b062eb0f1d_topic_a2_order2_fixed.png
01cbf550-9041-70f1-3bbe-92176ffa992e,a4,21,20,da_artifacts/user_01cbf550-9041-70f1-3bbe-92176ffa992e_topic_a4_order1_fixed.png,da_artifacts/user_01cbf550-9041-70f1-3bbe-92176ffa992e_topic_a4_order2_fixed.png
81cbb5e0-9011-7077-7e4e-7aca1564666c,a2,18,14,da_artifacts/user_81cbb5e0-9011-7077-7e4e-7aca1564666c_topic_a2_order1_fixed.png,da_artifacts/user_81cbb5e0-9011-7077-7e4e-7aca1564666c_topic_a2_order2_fixed.png
b19ba550-c0d1-706b-5b31-6f30f3eaa255,a6,19,16,da_artifacts/user_b19ba550-c0d1-706b-5b31-6f30f3eaa255_topic_a6_order1_fixed.png,da_artifacts/user_b19ba550-c0d1-706b-5b31-6f30f3eaa255_topic_a6_order2_fixed.png
410bf580-d041-70ad-e668-e60717bb3b98,a3,21,20,da_artifacts/user_410bf580-d041-70ad-e668-e60717bb3b98_topic_a3_order1_fixed.png,da_artifacts/user_410bf580-d041-70ad-e668-e60717bb3b98_topic_a3_order2_fixed.png
61abe5e0-d021-7066-78e5-8732da2c09a0,a3,20,18,da_artifacts/user_61abe5e0-d021-7066-78e5-8732da2c09a0_topic_a3_order1_fixed.png,da_artifacts/user_61abe5e0-d021-7066-78e5-8732da2c09a0_topic_a3_order2_fixed.png
91ab25a0-f051-70ce-9d29-ac0649a68c53,a4,20,18,da_artifacts/user_91ab25a0-f051-70ce-9d29-ac0649a68c53_topic_a4_order1_fixed.png,da_artifacts/user_91ab25a0-f051-70ce-9d29-ac0649a68c53_topic_a4_order2_fixed.png
511bf560-b061-7030-1534-373d6182148d,a3,20,18,da_artifacts/user_511bf560-b061-7030-1534-373d6182148d_topic_a3_order1_fixed.png,da_artifacts/user_511bf560-b061-7030-1534-373d6182148d_topic_a3_order2_fixed.png
116b0520-f0b1-70d5-0575-61162dd862fd,a7,21,20,da_artifacts/user_116b0520-f0b1-70d5-0575-61162dd862fd_topic_a7_order1_fixed.png,da_artifacts/user_116b0520-f0b1-70d5-0575-61162dd862fd_topic_a7_order2_fixed.png
c17b5520-f0b1-70c8-8bf1-0f5bd26a0cad,a5,19,16,da_artifacts/user_c17b5520-f0b1-70c8-8bf1-0f5bd26a0cad_topic_a5_order1_fixed.png,da_artifacts/user_c17b5520-f0b1-70c8-8bf1-0f5bd26a0cad_topic_a5_order2_fixed.png
b13be530-5051-70d1-0e6c-be1458ec7929,a4,20,18,da_artifacts/user_b13be530-5051-70d1-0e6c-be1458ec7929_topic_a4_order1_fixed.png,da_artifacts/user_b13be530-5051-70d1-0e6c-be1458ec7929_topic_a4_order2_fixed.png
51abb5c0-8061-70ad-a2f4-55de1f7ca8e9,a6,21,20,da_artifacts/user_51abb5c0-8061-70ad-a2f4-55de1f7ca8e9_topic_a6_order1_fixed.png,da_artifacts/user_51abb5c0-8061-70ad-a2f4-55de1f7ca8e9_topic_a6_order2_fixed.png
f1abb5c0-3001-7042-a4b5-d6561c36322c,a6,19,16,da_artifacts/user_f1abb5c0-3001-7042-a4b5-d6561c36322c_topic_a6_order1_fixed.png,da_artifacts/user_f1abb5c0-3001-7042-a4b5-d6561c36322c_topic_a6_order2_fixed.png
817b9500-8071-700f-6d35-00db749ffca6,a2,21,20,da_artifacts/user_817b9500-8071-700f-6d35-00db749ffca6_topic_a2_order1_fixed.png,da_artifacts/user_817b9500-8071-700f-6d35-00db749ffca6_topic_a2_order2_fixed.png
817b9500-8071-700f-6d35-00db749ffca6,a4,21,20,da_artifacts/user_817b9500-8071-700f-6d35-00db749ffca6_topic_a4_order1_fixed.png,da_artifacts/user_817b9500-8071-700f-6d35-00db749ffca6_topic_a4_order2_fixed.png
c17bf5d0-5091-70a9-0d1d-8fbc31f9c224,a6,19,17,da_artifacts/user_c17bf5d0-5091-70a9-0d1d-8fbc31f9c224_topic_a6_order1_fixed.png,da_artifacts/user_c17bf5d0-5091-70a9-0d1d-8fbc31f9c224_topic_a6_order2_fixed.png
b13be530-5051-70d1-0e6c-be1458ec7929,a5,20,19,da_artifacts/user_b13be530-5051-70d1-0e6c-be1458ec7929_topic_a5_order1_fixed.png,da_artifacts/user_b13be530-5051-70d1-0e6c-be1458ec7929_topic_a5_order2_fixed.png
a1cb4570-5011-70b5-5fdf-1eaee3de61f4,a5,20,19,da_artifacts/user_a1cb4570-5011-70b5-5fdf-1eaee3de61f4_topic_a5_order1_fixed.png,da_artifacts/user_a1cb4570-5011-70b5-5fdf-1eaee3de61f4_topic_a5_order2_fixed.png
a19b0540-7071-7042-dcd4-e8b1bed38ef4,a4,20,19,da_artifacts/user_a19b0540-7071-7042-dcd4-e8b1bed38ef4_topic_a4_order1_fixed.png,da_artifacts/user_a19b0540-7071-7042-dcd4-e8b1bed38ef4_topic_a4_order2_fixed.png
71ab5570-8001-709a-1343-b36f475fb202,a6,20,19,da_artifacts/user_71ab5570-8001-709a-1343-b36f475fb202_topic_a6_order1_fixed.png,da_artifacts/user_71ab5570-8001-709a-1343-b36f475fb202_topic_a6_order2_fixed.png
a19b0540-7071-7042-dcd4-e8b1bed38ef4,a7,20,19,da_artifacts/user_a19b0540-7071-7042-dcd4-e8b1bed38ef4_topic_a7_order1_fixed.png,da_artifacts/user_a19b0540-7071-7042-dcd4-e8b1bed38ef4_topic_a7_order2_fixed.png
a1fbb540-3041-70e7-def6-bcec00a31d99,a3,18,15,da_artifacts/user_a1fbb540-3041-70e7-def6-bcec00a31d99_topic_a3_order1_fixed.png,da_artifacts/user_a1fbb540-3041-70e7-def6-bcec00a31d99_topic_a3_order2_fixed.png
01eb9580-3071-70a9-01aa-f63e5dd14609,a6,19,17,da_artifacts/user_01eb9580-3071-70a9-01aa-f63e5dd14609_topic_a6_order1_fixed.png,da_artifacts/user_01eb9580-3071-70a9-01aa-f63e5dd14609_topic_a6_order2_fixed.png
613b1510-4051-7027-1ee2-8f2c72d3c64b,a3,19,17,da_artifacts/user_613b1510-4051-7027-1ee2-8f2c72d3c64b_topic_a3_order1_fixed.png,da_artifacts/user_613b1510-4051-7027-1ee2-8f2c72d3c64b_topic_a3_order2_fixed.png
313b9520-e021-70f9-4924-88d88686726c,a4,20,19,da_artifacts/user_313b9520-e021-70f9-4924-88d88686726c_topic_a4_order1_fixed.png,da_artifacts/user_313b9520-e021-70f9-4924-88d88686726c_topic_a4_order2_fixed.png
a1fbb540-3041-70e7-def6-bcec00a31d99,a2,19,17,da_artifacts/user_a1fbb540-3041-70e7-def6-bcec00a31d99_topic_a2_order1_fixed.png,da_artifacts/user_a1fbb540-3041-70e7-def6-bcec00a31d99_topic_a2_order2_fixed.png
813b4500-6031-701e-c56f-d60220a6081f,a7,17,13,da_artifacts/user_813b4500-6031-701e-c56f-d60220a6081f_topic_a7_order1_fixed.png,da_artifacts/user_813b4500-6031-701e-c56f-d60220a6081f_topic_a7_order2_fixed.png
410b95f0-5061-701c-4a3c-9930963ae77f,a4,20,19,da_artifacts/user_410b95f0-5061-701c-4a3c-9930963ae77f_topic_a4_order1_fixed.png,da_artifacts/user_410b95f0-5061-701c-4a3c-9930963ae77f_topic_a4_order2_fixed.png
31db5580-10e1-70d5-9f5c-004b166ac03c,a5,19,17,da_artifacts/user_31db5580-10e1-70d5-9f5c-004b166ac03c_topic_a5_order1_fixed.png,da_artifacts/user_31db5580-10e1-70d5-9f5c-004b166ac03c_topic_a5_order2_fixed.png
115ba5a0-f021-7098-63b7-6750e7705b72,a4,18,15,da_artifacts/user_115ba5a0-f021-7098-63b7-6750e7705b72_topic_a4_order1_fixed.png,da_artifacts/user_115ba5a0-f021-7098-63b7-6750e7705b72_topic_a4_order2_fixed.png
a1fb3570-f021-705f-6d23-353ec8617ab4,a5,20,19,da_artifacts/user_a1fb3570-f021-705f-6d23-353ec8617ab4_topic_a5_order1_fixed.png,da_artifacts/user_a1fb3570-f021-705f-6d23-353ec8617ab4_topic_a5_order2_fixed.png
61abe5e0-d021-7066-78e5-8732da2c09a0,a6,18,15,da_artifacts/user_61abe5e0-d021-7066-78e5-8732da2c09a0_topic_a6_order1_fixed.png,da_artifacts/user_61abe5e0-d021-7066-78e5-8732da2c09a0_topic_a6_order2_fixed.png
41cb85f0-d081-708c-e151-e2b062eb0f1d,a3,16,12,da_artifacts/user_41cb85f0-d081-708c-e151-e2b062eb0f1d_topic_a3_order1_fixed.png,da_artifacts/user_41cb85f0-d081-708c-e151-e2b062eb0f1d_topic_a3_order2_fixed.png
617b2500-4071-70e9-29f1-b4c4ce63bfaa,a4,18,16,da_artifacts/user_617b2500-4071-70e9-29f1-b4c4ce63bfaa_topic_a4_order1_fixed.png,da_artifacts/user_617b2500-4071-70e9-29f1-b4c4ce63bfaa_topic_a4_order2_fixed.png
c1abe560-20f1-70dc-393f-5a083011e23f,a2,19,18,da_artifacts/user_c1abe560-20f1-70dc-393f-5a083011e23f_topic_a2_order1_fixed.png,da_artifacts/user_c1abe560-20f1-70dc-393f-5a083011e23f_topic_a2_order2_fixed.png
f11bc560-6081-70ae-2949-07ca788f237b,a7,18,16,da_artifacts/user_f11bc560-6081-70ae-2949-07ca788f237b_topic_a7_order1_fixed.png,da_artifacts/user_f11bc560-6081-70ae-2949-07ca788f237b_topic_a7_order2_fixed.png
31cb6500-d081-7067-9d22-37992452f2ad,a4,19,18,da_artifacts/user_31cb6500-d081-7067-9d22-37992452f2ad_topic_a4_order1_fixed.png,da_artifacts/user_31cb6500-d081-7067-9d22-37992452f2ad_topic_a4_order2_fixed.png
c17be530-0011-7066-b860-92d133614a57,a6,17,14,da_artifacts/user_c17be530-0011-7066-b860-92d133614a57_topic_a6_order1_fixed.png,da_artifacts/user_c17be530-0011-7066-b860-92d133614a57_topic_a6_order2_fixed.png
f14b7530-60e1-704a-f8d5-4855523e6d94,a5,19,18,da_artifacts/user_f14b7530-60e1-704a-f8d5-4855523e6d94_topic_a5_order1_fixed.png,da_artifacts/user_f14b7530-60e1-704a-f8d5-4855523e6d94_topic_a5_order2_fixed.png
61bb4560-e0e1-70b5-d308-ad58511a0fc5,a6,17,14,da_artifacts/user_61bb4560-e0e1-70b5-d308-ad58511a0fc5_topic_a6_order1_fixed.png,da_artifacts/user_61bb4560-e0e1-70b5-d308-ad58511a0fc5_topic_a6_order2_fixed.png
91ab45a0-6011-7078-f1e9-b3a94075f7b7,a4,19,18,da_artifacts/user_91ab45a0-6011-7078-f1e9-b3a94075f7b7_topic_a4_order1_fixed.png,da_artifacts/user_91ab45a0-6011-7078-f1e9-b3a94075f7b7_topic_a4_order2_fixed.png
a15b55c0-6081-70cd-a61b-afbdaf0eff13,a5,19,18,da_artifacts/user_a15b55c0-6081-70cd-a61b-afbdaf0eff13_topic_a5_order1_fixed.png,da_artifacts/user_a15b55c0-6081-70cd-a61b-afbdaf0eff13_topic_a5_order2_fixed.png
211b0520-f0e1-7015-0094-4310c79ba2e6,a3,16,12,da_artifacts/user_211b0520-f0e1-7015-0094-4310c79ba2e6_topic_a3_order1_fixed.png,da_artifacts/user_211b0520-f0e1-7015-0094-4310c79ba2e6_topic_a3_order2_fixed.png
c11b3500-c051-70c9-5385-6797f6c08070,a5,18,16,da_artifacts/user_c11b3500-c051-70c9-5385-6797f6c08070_topic_a5_order1_fixed.png,da_artifacts/user_c11b3500-c051-70c9-5385-6797f6c08070_topic_a5_order2_fixed.png
313b9520-e021-70f9-4924-88d88686726c,a5,19,18,da_artifacts/user_313b9520-e021-70f9-4924-88d88686726c_topic_a5_order1_fixed.png,da_artifacts/user_313b9520-e021-70f9-4924-88d88686726c_topic_a5_order2_fixed.png
511bf560-b061-7030-1534-373d6182148d,a4,17,14,da_artifacts/user_511bf560-b061-7030-1534-373d6182148d_topic_a4_order1_fixed.png,da_artifacts/user_511bf560-b061-7030-1534-373d6182148d_topic_a4_order2_fixed.png
61bb4560-e0e1-70b5-d308-ad58511a0fc5,a7,17,14,da_artifacts/user_61bb4560-e0e1-70b5-d308-ad58511a0fc5_topic_a7_order1_fixed.png,da_artifacts/user_61bb4560-e0e1-70b5-d308-ad58511a0fc5_topic_a7_order2_fixed.png
611bf540-9091-708a-926e-51ff59cf9473,a2,19,18,da_artifacts/user_611bf540-9091-708a-926e-51ff59cf9473_topic_a2_order1_fixed.png,da_artifacts/user_611bf540-9091-708a-926e-51ff59cf9473_topic_a2_order2_fixed.png
c17be530-0011-7066-b860-92d133614a57,a4,19,18,da_artifacts/user_c17be530-0011-7066-b860-92d133614a57_topic_a4_order1_fixed.png,da_artifacts/user_c17be530-0011-7066-b860-92d133614a57_topic_a4_order2_fixed.png
218ba540-4081-70eb-5d75-b3fa54f82268,a1,18,16,da_artifacts/user_218ba540-4081-70eb-5d75-b3fa54f82268_topic_a1_order1_fixed.png,da_artifacts/user_218ba540-4081-70eb-5d75-b3fa54f82268_topic_a1_order2_fixed.png
91cb75e0-00e1-70ae-d581-d5924359d3b1,a2,19,18,da_artifacts/user_91cb75e0-00e1-70ae-d581-d5924359d3b1_topic_a2_order1_fixed.png,da_artifacts/user_91cb75e0-00e1-70ae-d581-d5924359d3b1_topic_a2_order2_fixed.png
310bd5d0-6061-7098-d41e-41b982248427,a4,19,18,da_artifacts/user_310bd5d0-6061-7098-d41e-41b982248427_topic_a4_order1_fixed.png,da_artifacts/user_310bd5d0-6061-7098-d41e-41b982248427_topic_a4_order2_fixed.png
311bb5b0-8031-704a-d26b-1a35da2044f9,a4,17,15,da_artifacts/user_311bb5b0-8031-704a-d26b-1a35da2044f9_topic_a4_order1_fixed.png,da_artifacts/user_311bb5b0-8031-704a-d26b-1a35da2044f9_topic_a4_order2_fixed.png
71cb5540-20c1-70a9-1806-fbc6af5f0b86,a6,15,11,da_artifacts/user_71cb5540-20c1-70a9-1806-fbc6af5f0b86_topic_a6_order1_fixed.png,da_artifacts/user_71cb5540-20c1-70a9-1806-fbc6af5f0b86_topic_a6_order2_fixed.png
115ba5a0-f021-7098-63b7-6750e7705b72,a1,17,15,da_artifacts/user_115ba5a0-f021-7098-63b7-6750e7705b72_topic_a1_order1_fixed.png,da_artifacts/user_115ba5a0-f021-7098-63b7-6750e7705b72_topic_a1_order2_fixed.png
714b9540-8061-70d8-daaa-8a4b42d4dd71,a4,17,15,da_artifacts/user_714b9540-8061-70d8-daaa-8a4b42d4dd71_topic_a4_order1_fixed.png,da_artifacts/user_714b9540-8061-70d8-daaa-8a4b42d4dd71_topic_a4_order2_fixed.png
c17be530-0011-7066-b860-92d133614a57,a2,17,15,da_artifacts/user_c17be530-0011-7066-b860-92d133614a57_topic_a2_order1_fixed.png,da_artifacts/user_c17be530-0011-7066-b860-92d133614a57_topic_a2_order2_fixed.png
011bb520-7041-704f-b3e7-ab5c43dd3950,a1,15,11,da_artifacts/user_011bb520-7041-704f-b3e7-ab5c43dd3950_topic_a1_order1_fixed.png,da_artifacts/user_011bb520-7041-704f-b3e7-ab5c43dd3950_topic_a1_order2_fixed.png
41fb4560-10f1-7016-b8cc-cd2bc89239b7,a5,17,15,da_artifacts/user_41fb4560-10f1-7016-b8cc-cd2bc89239b7_topic_a5_order1_fixed.png,da_artifacts/user_41fb4560-10f1-7016-b8cc-cd2bc89239b7_topic_a5_order2_fixed.png
a15b55c0-6081-70cd-a61b-afbdaf0eff13,a6,18,17,da_artifacts/user_a15b55c0-6081-70cd-a61b-afbdaf0eff13_topic_a6_order1_fixed.png,da_artifacts/user_a15b55c0-6081-70cd-a61b-afbdaf0eff13_topic_a6_order2_fixed.png
a15bd5a0-20b1-705d-cacd-efb43606a358,a4,18,17,da_artifacts/user_a15bd5a0-20b1-705d-cacd-efb43606a358_topic_a4_order1_fixed.png,da_artifacts/user_a15bd5a0-20b1-705d-cacd-efb43606a358_topic_a4_order2_fixed.png
a18b2540-90e1-70f8-deb6-fc59ae3297da,a7,18,17,da_artifacts/user_a18b2540-90e1-70f8-deb6-fc59ae3297da_topic_a7_order1_fixed.png,da_artifacts/user_a18b2540-90e1-70f8-deb6-fc59ae3297da_topic_a7_order2_fixed.png
a1bbb550-8001-709c-3ebb-799cd4aa893f,a3,16,13,da_artifacts/user_a1bbb550-8001-709c-3ebb-799cd4aa893f_topic_a3_order1_fixed.png,da_artifacts/user_a1bbb550-8001-709c-3ebb-799cd4aa893f_topic_a3_order2_fixed.png
91bbe500-b011-7005-c471-0da2f8815108,a7,17,15,da_artifacts/user_91bbe500-b011-7005-c471-0da2f8815108_topic_a7_order1_fixed.png,da_artifacts/user_91bbe500-b011-7005-c471-0da2f8815108_topic_a7_order2_fixed.png
019be580-4061-7075-debb-ffd77dc8ca40,a7,16,13,da_artifacts/user_019be580-4061-7075-debb-ffd77dc8ca40_topic_a7_order1_fixed.png,da_artifacts/user_019be580-4061-7075-debb-ffd77dc8ca40_topic_a7_order2_fixed.png
d1db45a0-f051-702b-f627-c33637d4528c,a4,16,13,da_artifacts/user_d1db45a0-f051-702b-f627-c33637d4528c_topic_a4_order1_fixed.png,da_artifacts/user_d1db45a0-f051-702b-f627-c33637d4528c_topic_a4_order2_fixed.png
f1abb5c0-3001-7042-a4b5-d6561c36322c,a3,18,17,da_artifacts/user_f1abb5c0-3001-7042-a4b5-d6561c36322c_topic_a3_order1_fixed.png,da_artifacts/user_f1abb5c0-3001-7042-a4b5-d6561c36322c_topic_a3_order2_fixed.png
f1abd540-a0f1-70c2-5c22-206895f355ca,a7,18,17,da_artifacts/user_f1abd540-a0f1-70c2-5c22-206895f355ca_topic_a7_order1_fixed.png,da_artifacts/user_f1abd540-a0f1-70c2-5c22-206895f355ca_topic_a7_order2_fixed.png
a15b55c0-6081-70cd-a61b-afbdaf0eff13,a1,17,15,da_artifacts/user_a15b55c0-6081-70cd-a61b-afbdaf0eff13_topic_a1_order1_fixed.png,da_artifacts/user_a15b55c0-6081-70cd-a61b-afbdaf0eff13_topic_a1_order2_fixed.png
e1cb8510-60e1-709a-53ce-18a04547e565,a7,17,15,da_artifacts/user_e1cb8510-60e1-709a-53ce-18a04547e565_topic_a7_order1_fixed.png,da_artifacts/user_e1cb8510-60e1-709a-53ce-18a04547e565_topic_a7_order2_fixed.png
f11bd590-d0f1-70a8-f80a-d8522e3d0cd6,a5,18,17,da_artifacts/user_f11bd590-d0f1-70a8-f80a-d8522e3d0cd6_topic_a5_order1_fixed.png,da_artifacts/user_f11bd590-d0f1-70a8-f80a-d8522e3d0cd6_topic_a5_order2_fixed.png
31cb6500-d081-7067-9d22-37992452f2ad,a3,17,15,da_artifacts/user_31cb6500-d081-7067-9d22-37992452f2ad_topic_a3_order1_fixed.png,da_artifacts/user_31cb6500-d081-7067-9d22-37992452f2ad_topic_a3_order2_fixed.png
017bc500-50b1-70d6-f73f-a218553355df,a3,16,13,da_artifacts/user_017bc500-50b1-70d6-f73f-a218553355df_topic_a3_order1_fixed.png,da_artifacts/user_017bc500-50b1-70d6-f73f-a218553355df_topic_a3_order2_fixed.png
011bd560-70e1-7036-62a9-3d29afd5179d,a4,17,16,da_artifacts/user_011bd560-70e1-7036-62a9-3d29afd5179d_topic_a4_order1_fixed.png,da_artifacts/user_011bd560-70e1-7036-62a9-3d29afd5179d_topic_a4_order2_fixed.png
410b95f0-5061-701c-4a3c-9930963ae77f,a3,17,16,da_artifacts/user_410b95f0-5061-701c-4a3c-9930963ae77f_topic_a3_order1_fixed.png,da_artifacts/user_410b95f0-5061-701c-4a3c-9930963ae77f_topic_a3_order2_fixed.png
017bc500-50b1-70d6-f73f-a218553355df,a4,16,14,da_artifacts/user_017bc500-50b1-70d6-f73f-a218553355df_topic_a4_order1_fixed.png,da_artifacts/user_017bc500-50b1-70d6-f73f-a218553355df_topic_a4_order2_fixed.png
f17ba530-1081-709f-a59d-3f05cc7fb431,a7,17,16,da_artifacts/user_f17ba530-1081-709f-a59d-3f05cc7fb431_topic_a7_order1_fixed.png,da_artifacts/user_f17ba530-1081-709f-a59d-3f05cc7fb431_topic_a7_order2_fixed.png
014b6540-3041-705c-365b-d2029fb91b21,a2,16,14,da_artifacts/user_014b6540-3041-705c-365b-d2029fb91b21_topic_a2_order1_fixed.png,da_artifacts/user_014b6540-3041-705c-365b-d2029fb91b21_topic_a2_order2_fixed.png
f15b75b0-6011-7034-bf08-1dd66fe5cffa,a1,16,14,da_artifacts/user_f15b75b0-6011-7034-bf08-1dd66fe5cffa_topic_a1_order1_fixed.png,da_artifacts/user_f15b75b0-6011-7034-bf08-1dd66fe5cffa_topic_a1_order2_fixed.png
014b6540-3041-705c-365b-d2029fb91b21,a5,17,16,da_artifacts/user_014b6540-3041-705c-365b-d2029fb91b21_topic_a5_order1_fixed.png,da_artifacts/user_014b6540-3041-705c-365b-d2029fb91b21_topic_a5_order2_fixed.png
411bd580-f051-7091-c64b-39f944fda7b6,a2,16,14,da_artifacts/user_411bd580-f051-7091-c64b-39f944fda7b6_topic_a2_order1_fixed.png,da_artifacts/user_411bd580-f051-7091-c64b-39f944fda7b6_topic_a2_order2_fixed.png
11cb0520-80d1-70f1-831e-2d3d54b32de3,a5,16,14,da_artifacts/user_11cb0520-80d1-70f1-831e-2d3d54b32de3_topic_a5_order1_fixed.png,da_artifacts/user_11cb0520-80d1-70f1-831e-2d3d54b32de3_topic_a5_order2_fixed.png
a13b5500-0021-7047-dba8-89607721af5d,a2,16,14,da_artifacts/user_a13b5500-0021-7047-dba8-89607721af5d_topic_a2_order1_fixed.png,da_artifacts/user_a13b5500-0021-7047-dba8-89607721af5d_topic_a2_order2_fixed.png
919be590-7081-7003-3cef-906e621826ff,a2,17,16,da_artifacts/user_919be590-7081-7003-3cef-906e621826ff_topic_a2_order1_fixed.png,da_artifacts/user_919be590-7081-7003-3cef-906e621826ff_topic_a2_order2_fixed.png
c1ab6550-a0a1-7068-381c-46a9e01d4df5,a3,16,14,da_artifacts/user_c1ab6550-a0a1-7068-381c-46a9e01d4df5_topic_a3_order1_fixed.png,da_artifacts/user_c1ab6550-a0a1-7068-381c-46a9e01d4df5_topic_a3_order2_fixed.png
711b6580-50d1-70c7-2c33-364aab9519a1,a4,15,12,da_artifacts/user_711b6580-50d1-70c7-2c33-364aab9519a1_topic_a4_order1_fixed.png,da_artifacts/user_711b6580-50d1-70c7-2c33-364aab9519a1_topic_a4_order2_fixed.png
116b0520-f0b1-70d5-0575-61162dd862fd,a2,17,16,da_artifacts/user_116b0520-f0b1-70d5-0575-61162dd862fd_topic_a2_order1_fixed.png,da_artifacts/user_116b0520-f0b1-70d5-0575-61162dd862fd_topic_a2_order2_fixed.png
613b1510-4051-7027-1ee2-8f2c72d3c64b,a7,17,16,da_artifacts/user_613b1510-4051-7027-1ee2-8f2c72d3c64b_topic_a7_order1_fixed.png,da_artifacts/user_613b1510-4051-7027-1ee2-8f2c72d3c64b_topic_a7_order2_fixed.png
71fb0550-10e1-7086-a384-f22bf12dee89,a3,16,14,da_artifacts/user_71fb0550-10e1-7086-a384-f22bf12dee89_topic_a3_order1_fixed.png,da_artifacts/user_71fb0550-10e1-7086-a384-f22bf12dee89_topic_a3_order2_fixed.png
11cb7520-40f1-70ca-46b8-915a77bae7de,a3,17,16,da_artifacts/user_11cb7520-40f1-70ca-46b8-915a77bae7de_topic_a3_order1_fixed.png,da_artifacts/user_11cb7520-40f1-70ca-46b8-915a77bae7de_topic_a3_order2_fixed.png
51abb5c0-8061-70ad-a2f4-55de1f7ca8e9,a3,16,14,da_artifacts/user_51abb5c0-8061-70ad-a2f4-55de1f7ca8e9_topic_a3_order1_fixed.png,da_artifacts/user_51abb5c0-8061-70ad-a2f4-55de1f7ca8e9_topic_a3_order2_fixed.png
71cb5540-20c1-70a9-1806-fbc6af5f0b86,a7,15,13,da_artifacts/user_71cb5540-20c1-70a9-1806-fbc6af5f0b86_topic_a7_order1_fixed.png,da_artifacts/user_71cb5540-20c1-70a9-1806-fbc6af5f0b86_topic_a7_order2_fixed.png
51abb5c0-8061-70ad-a2f4-55de1f7ca8e9,a4,16,15,da_artifacts/user_51abb5c0-8061-70ad-a2f4-55de1f7ca8e9_topic_a4_order1_fixed.png,da_artifacts/user_51abb5c0-8061-70ad-a2f4-55de1f7ca8e9_topic_a4_order2_fixed.png
d17b4550-a0d1-7014-38bf-d8d68777c4f4,a2,16,15,da_artifacts/user_d17b4550-a0d1-7014-38bf-d8d68777c4f4_topic_a2_order1_fixed.png,da_artifacts/user_d17b4550-a0d1-7014-38bf-d8d68777c4f4_topic_a2_order2_fixed.png
919be590-7081-7003-3cef-906e621826ff,a4,16,15,da_artifacts/user_919be590-7081-7003-3cef-906e621826ff_topic_a4_order1_fixed.png,da_artifacts/user_919be590-7081-7003-3cef-906e621826ff_topic_a4_order2_fixed.png
81eb45d0-00d1-7089-fd06-0ffbbe5e2c7a,a2,14,11,da_artifacts/user_81eb45d0-00d1-7089-fd06-0ffbbe5e2c7a_topic_a2_order1_fixed.png,da_artifacts/user_81eb45d0-00d1-7089-fd06-0ffbbe5e2c7a_topic_a2_order2_fixed.png
31db5580-10e1-70d5-9f5c-004b166ac03c,a2,15,13,da_artifacts/user_31db5580-10e1-70d5-9f5c-004b166ac03c_topic_a2_order1_fixed.png,da_artifacts/user_31db5580-10e1-70d5-9f5c-004b166ac03c_topic_a2_order2_fixed.png
71ab5570-8001-709a-1343-b36f475fb202,a3,16,15,da_artifacts/user_71ab5570-8001-709a-1343-b36f475fb202_topic_a3_order1_fixed.png,da_artifacts/user_71ab5570-8001-709a-1343-b36f475fb202_topic_a3_order2_fixed.png
911b1530-f081-70c6-8ba9-81ba9defa173,a5,15,13,da_artifacts/user_911b1530-f081-70c6-8ba9-81ba9defa173_topic_a5_order1_fixed.png,da_artifacts/user_911b1530-f081-70c6-8ba9-81ba9defa173_topic_a5_order2_fixed.png
a10bd580-0091-709a-49e7-6e9c96ea58c6,a1,15,13,da_artifacts/user_a10bd580-0091-709a-49e7-6e9c96ea58c6_topic_a1_order1_fixed.png,da_artifacts/user_a10bd580-0091-709a-49e7-6e9c96ea58c6_topic_a1_order2_fixed.png
c1ab8590-4021-709d-24e8-65c1ff2dac53,a2,15,13,da_artifacts/user_c1ab8590-4021-709d-24e8-65c1ff2dac53_topic_a2_order1_fixed.png,da_artifacts/user_c1ab8590-4021-709d-24e8-65c1ff2dac53_topic_a2_order2_fixed.png
511bf560-b061-7030-1534-373d6182148d,a7,16,15,da_artifacts/user_511bf560-b061-7030-1534-373d6182148d_topic_a7_order1_fixed.png,da_artifacts/user_511bf560-b061-7030-1534-373d6182148d_topic_a7_order2_fixed.png
11cb0520-80d1-70f1-831e-2d3d54b32de3,a6,15,13,da_artifacts/user_11cb0520-80d1-70f1-831e-2d3d54b32de3_topic_a6_order1_fixed.png,da_artifacts/user_11cb0520-80d1-70f1-831e-2d3d54b32de3_topic_a6_order2_fixed.png
817b9500-8071-700f-6d35-00db749ffca6,a5,14,12,da_artifacts/user_817b9500-8071-700f-6d35-00db749ffca6_topic_a5_order1_fixed.png,da_artifacts/user_817b9500-8071-700f-6d35-00db749ffca6_topic_a5_order2_fixed.png
811bc590-9011-705e-82d7-38a6c705a6c4,a7,13,10,da_artifacts/user_811bc590-9011-705e-82d7-38a6c705a6c4_topic_a7_order1_fixed.png,da_artifacts/user_811bc590-9011-705e-82d7-38a6c705a6c4_topic_a7_order2_fixed.png
c10ba560-5051-7080-335e-1e8aaac1f227,a2,10,4,da_artifacts/user_c10ba560-5051-7080-335e-1e8aaac1f227_topic_a2_order1_fixed.png,da_artifacts/user_c10ba560-5051-7080-335e-1e8aaac1f227_topic_a2_order2_fixed.png
014b6540-3041-705c-365b-d2029fb91b21,a6,14,12,da_artifacts/user_014b6540-3041-705c-365b-d2029fb91b21_topic_a6_order1_fixed.png,da_artifacts/user_014b6540-3041-705c-365b-d2029fb91b21_topic_a6_order2_fixed.png
011bb520-7041-704f-b3e7-ab5c43dd3950,a6,14,12,da_artifacts/user_011bb520-7041-704f-b3e7-ab5c43dd3950_topic_a6_order1_fixed.png,da_artifacts/user_011bb520-7041-704f-b3e7-ab5c43dd3950_topic_a6_order2_fixed.png
116b0520-f0b1-70d5-0575-61162dd862fd,a3,15,14,da_artifacts/user_116b0520-f0b1-70d5-0575-61162dd862fd_topic_a3_order1_fixed.png,da_artifacts/user_116b0520-f0b1-70d5-0575-61162dd862fd_topic_a3_order2_fixed.png
a1eba540-c0b1-7047-0613-98a1815ad2ae,a2,14,12,da_artifacts/user_a1eba540-c0b1-7047-0613-98a1815ad2ae_topic_a2_order1_fixed.png,da_artifacts/user_a1eba540-c0b1-7047-0613-98a1815ad2ae_topic_a2_order2_fixed.png
01cbf550-9041-70f1-3bbe-92176ffa992e,a3,14,12,da_artifacts/user_01cbf550-9041-70f1-3bbe-92176ffa992e_topic_a3_order1_fixed.png,da_artifacts/user_01cbf550-9041-70f1-3bbe-92176ffa992e_topic_a3_order2_fixed.png
113bc5a0-00c1-70a8-1558-53c8f78b1a99,a1,14,12,da_artifacts/user_113bc5a0-00c1-70a8-1558-53c8f78b1a99_topic_a1_order1_fixed.png,da_artifacts/user_113bc5a0-00c1-70a8-1558-53c8f78b1a99_topic_a1_order2_fixed.png
d1db45a0-f051-702b-f627-c33637d4528c,a7,11,6,da_artifacts/user_d1db45a0-f051-702b-f627-c33637d4528c_topic_a7_order1_fixed.png,da_artifacts/user_d1db45a0-f051-702b-f627-c33637d4528c_topic_a7_order2_fixed.png
e14bd5c0-2091-70a1-3e0d-252a10bc1372,a2,14,12,da_artifacts/user_e14bd5c0-2091-70a1-3e0d-252a10bc1372_topic_a2_order1_fixed.png,da_artifacts/user_e14bd5c0-2091-70a1-3e0d-252a10bc1372_topic_a2_order2_fixed.png
01ebf5c0-7001-7089-68b3-ebba941641c4,a2,15,14,da_artifacts/user_01ebf5c0-7001-7089-68b3-ebba941641c4_topic_a2_order1_fixed.png,da_artifacts/user_01ebf5c0-7001-7089-68b3-ebba941641c4_topic_a2_order2_fixed.png
61abe5e0-d021-7066-78e5-8732da2c09a0,a2,13,10,da_artifacts/user_61abe5e0-d021-7066-78e5-8732da2c09a0_topic_a2_order1_fixed.png,da_artifacts/user_61abe5e0-d021-7066-78e5-8732da2c09a0_topic_a2_order2_fixed.png
a1eb05a0-7031-707b-b065-0f30c86f0a6e,a3,15,14,da_artifacts/user_a1eb05a0-7031-707b-b065-0f30c86f0a6e_topic_a3_order1_fixed.png,da_artifacts/user_a1eb05a0-7031-707b-b065-0f30c86f0a6e_topic_a3_order2_fixed.png
112b5570-40c1-70f5-ada6-8cd2d2eb5007,a4,13,10,da_artifacts/user_112b5570-40c1-70f5-ada6-8cd2d2eb5007_topic_a4_order1_fixed.png,da_artifacts/user_112b5570-40c1-70f5-ada6-8cd2d2eb5007_topic_a4_order2_fixed.png
c17bf5d0-5091-70a9-0d1d-8fbc31f9c224,a4,15,14,da_artifacts/user_c17bf5d0-5091-70a9-0d1d-8fbc31f9c224_topic_a4_order1_fixed.png,da_artifacts/user_c17bf5d0-5091-70a9-0d1d-8fbc31f9c224_topic_a4_order2_fixed.png
516b7570-00e1-700e-b368-e544714cb230,a4,12,8,da_artifacts/user_516b7570-00e1-700e-b368-e544714cb230_topic_a4_order1_fixed.png,da_artifacts/user_516b7570-00e1-700e-b368-e544714cb230_topic_a4_order2_fixed.png
81eb45d0-00d1-7089-fd06-0ffbbe5e2c7a,a5,14,12,da_artifacts/user_81eb45d0-00d1-7089-fd06-0ffbbe5e2c7a_topic_a5_order1_fixed.png,da_artifacts/user_81eb45d0-00d1-7089-fd06-0ffbbe5e2c7a_topic_a5_order2_fixed.png
313b35f0-a0f1-70ff-7490-f9e5e8fea858,a3,14,12,da_artifacts/user_313b35f0-a0f1-70ff-7490-f9e5e8fea858_topic_a3_order1_fixed.png,da_artifacts/user_313b35f0-a0f1-70ff-7490-f9e5e8fea858_topic_a3_order2_fixed.png
11cb7520-40f1-70ca-46b8-915a77bae7de,a2,15,14,da_artifacts/user_11cb7520-40f1-70ca-46b8-915a77bae7de_topic_a2_order1_fixed.png,da_artifacts/user_11cb7520-40f1-70ca-46b8-915a77bae7de_topic_a2_order2_fixed.png
11cb7520-40f1-70ca-46b8-915a77bae7de,a6,15,14,da_artifacts/user_11cb7520-40f1-70ca-46b8-915a77bae7de_topic_a6_order1_fixed.png,da_artifacts/user_11cb7520-40f1-70ca-46b8-915a77bae7de_topic_a6_order2_fixed.png
01eb9580-3071-70a9-01aa-f63e5dd14609,a7,13,11,da_artifacts/user_01eb9580-3071-70a9-01aa-f63e5dd14609_topic_a7_order1_fixed.png,da_artifacts/user_01eb9580-3071-70a9-01aa-f63e5dd14609_topic_a7_order2_fixed.png
31fbe520-0061-70e7-7783-8fdc38bd09fd,a4,14,13,da_artifacts/user_31fbe520-0061-70e7-7783-8fdc38bd09fd_topic_a4_order1_fixed.png,da_artifacts/user_31fbe520-0061-70e7-7783-8fdc38bd09fd_topic_a4_order2_fixed.png
21fb65c0-a0d1-7058-ae17-4b20090157aa,a2,14,13,da_artifacts/user_21fb65c0-a0d1-7058-ae17-4b20090157aa_topic_a2_order1_fixed.png,da_artifacts/user_21fb65c0-a0d1-7058-ae17-4b20090157aa_topic_a2_order2_fixed.png
21fb2560-d0c1-70cc-8456-cb80cc078b11,a4,14,13,da_artifacts/user_21fb2560-d0c1-70cc-8456-cb80cc078b11_topic_a4_order1_fixed.png,da_artifacts/user_21fb2560-d0c1-70cc-8456-cb80cc078b11_topic_a4_order2_fixed.png
d17b4550-a0d1-7014-38bf-d8d68777c4f4,a3,12,9,da_artifacts/user_d17b4550-a0d1-7014-38bf-d8d68777c4f4_topic_a3_order1_fixed.png,da_artifacts/user_d17b4550-a0d1-7014-38bf-d8d68777c4f4_topic_a3_order2_fixed.png
31ab1560-b091-7055-7307-da7f622a0e6b,a3,14,13,da_artifacts/user_31ab1560-b091-7055-7307-da7f622a0e6b_topic_a3_order1_fixed.png,da_artifacts/user_31ab1560-b091-7055-7307-da7f622a0e6b_topic_a3_order2_fixed.png
218b1530-20e1-701a-ba31-9c86c7da05bc,a2,14,13,da_artifacts/user_218b1530-20e1-701a-ba31-9c86c7da05bc_topic_a2_order1_fixed.png,da_artifacts/user_218b1530-20e1-701a-ba31-9c86c7da05bc_topic_a2_order2_fixed.png
91ab25a0-f051-70ce-9d29-ac0649a68c53,a6,13,11,da_artifacts/user_91ab25a0-f051-70ce-9d29-ac0649a68c53_topic_a6_order1_fixed.png,da_artifacts/user_91ab25a0-f051-70ce-9d29-ac0649a68c53_topic_a6_order2_fixed.png
a15bd5a0-20b1-705d-cacd-efb43606a358,a3,14,13,da_artifacts/user_a15bd5a0-20b1-705d-cacd-efb43606a358_topic_a3_order1_fixed.png,da_artifacts/user_a15bd5a0-20b1-705d-cacd-efb43606a358_topic_a3_order2_fixed.png
91ab25a0-f051-70ce-9d29-ac0649a68c53,a5,14,13,da_artifacts/user_91ab25a0-f051-70ce-9d29-ac0649a68c53_topic_a5_order1_fixed.png,da_artifacts/user_91ab25a0-f051-70ce-9d29-ac0649a68c53_topic_a5_order2_fixed.png
911b1530-f081-70c6-8ba9-81ba9defa173,a1,13,11,da_artifacts/user_911b1530-f081-70c6-8ba9-81ba9defa173_topic_a1_order1_fixed.png,da_artifacts/user_911b1530-f081-70c6-8ba9-81ba9defa173_topic_a1_order2_fixed.png
714b9540-8061-70d8-daaa-8a4b42d4dd71,a5,14,13,da_artifacts/user_714b9540-8061-70d8-daaa-8a4b42d4dd71_topic_a5_order1_fixed.png,da_artifacts/user_714b9540-8061-70d8-daaa-8a4b42d4dd71_topic_a5_order2_fixed.png
b1bbe550-6071-708d-a4b6-8d280dff01d0,a5,14,13,da_artifacts/user_b1bbe550-6071-708d-a4b6-8d280dff01d0_topic_a5_order1_fixed.png,da_artifacts/user_b1bbe550-6071-708d-a4b6-8d280dff01d0_topic_a5_order2_fixed.png
91fb2530-b051-70f2-9bbb-1733c381bfbc,a7,14,13,da_artifacts/user_91fb2530-b051-70f2-9bbb-1733c381bfbc_topic_a7_order1_fixed.png,da_artifacts/user_91fb2530-b051-70f2-9bbb-1733c381bfbc_topic_a7_order2_fixed.png
11cb7520-40f1-70ca-46b8-915a77bae7de,a4,14,13,da_artifacts/user_11cb7520-40f1-70ca-46b8-915a77bae7de_topic_a4_order1_fixed.png,da_artifacts/user_11cb7520-40f1-70ca-46b8-915a77bae7de_topic_a4_order2_fixed.png
819b2520-80d1-7040-a2e8-a74594524790,a5,11,7,da_artifacts/user_819b2520-80d1-7040-a2e8-a74594524790_topic_a5_order1_fixed.png,da_artifacts/user_819b2520-80d1-7040-a2e8-a74594524790_topic_a5_order2_fixed.png
714b9540-8061-70d8-daaa-8a4b42d4dd71,a3,14,13,da_artifacts/user_714b9540-8061-70d8-daaa-8a4b42d4dd71_topic_a3_order1_fixed.png,da_artifacts/user_714b9540-8061-70d8-daaa-8a4b42d4dd71_topic_a3_order2_fixed.png
119b55f0-6001-70b7-9cf8-aff7a0dc1623,a7,12,9,da_artifacts/user_119b55f0-6001-70b7-9cf8-aff7a0dc1623_topic_a7_order1_fixed.png,da_artifacts/user_119b55f0-6001-70b7-9cf8-aff7a0dc1623_topic_a7_order2_fixed.png
b1abe580-4091-7066-5da1-2ce6aa6d0e3b,a1,11,7,da_artifacts/user_b1abe580-4091-7066-5da1-2ce6aa6d0e3b_topic_a1_order1_fixed.png,da_artifacts/user_b1abe580-4091-7066-5da1-2ce6aa6d0e3b_topic_a1_order2_fixed.png
819b2520-80d1-7040-a2e8-a74594524790,a4,12,9,da_artifacts/user_819b2520-80d1-7040-a2e8-a74594524790_topic_a4_order1_fixed.png,da_artifacts/user_819b2520-80d1-7040-a2e8-a74594524790_topic_a4_order2_fixed.png
21fb65c0-a0d1-7058-ae17-4b20090157aa,a7,14,13,da_artifacts/user_21fb65c0-a0d1-7058-ae17-4b20090157aa_topic_a7_order1_fixed.png,da_artifacts/user_21fb65c0-a0d1-7058-ae17-4b20090157aa_topic_a7_order2_fixed.png
91cb75e0-00e1-70ae-d581-d5924359d3b1,a3,14,13,da_artifacts/user_91cb75e0-00e1-70ae-d581-d5924359d3b1_topic_a3_order1_fixed.png,da_artifacts/user_91cb75e0-00e1-70ae-d581-d5924359d3b1_topic_a3_order2_fixed.png
b1abe580-4091-7066-5da1-2ce6aa6d0e3b,a3,11,7,da_artifacts/user_b1abe580-4091-7066-5da1-2ce6aa6d0e3b_topic_a3_order1_fixed.png,da_artifacts/user_b1abe580-4091-7066-5da1-2ce6aa6d0e3b_topic_a3_order2_fixed.png
41fb4560-10f1-7016-b8cc-cd2bc89239b7,a1,14,13,da_artifacts/user_41fb4560-10f1-7016-b8cc-cd2bc89239b7_topic_a1_order1_fixed.png,da_artifacts/user_41fb4560-10f1-7016-b8cc-cd2bc89239b7_topic_a1_order2_fixed.png
919be590-7081-7003-3cef-906e621826ff,a3,13,12,da_artifacts/user_919be590-7081-7003-3cef-906e621826ff_topic_a3_order1_fixed.png,da_artifacts/user_919be590-7081-7003-3cef-906e621826ff_topic_a3_order2_fixed.png
218be570-f0f1-7033-b8df-1466adc57225,a1,13,12,da_artifacts/user_218be570-f0f1-7033-b8df-1466adc57225_topic_a1_order1_fixed.png,da_artifacts/user_218be570-f0f1-7033-b8df-1466adc57225_topic_a1_order2_fixed.png
a1dba540-c071-705a-e705-3f35ce26988f,a4,13,12,da_artifacts/user_a1dba540-c071-705a-e705-3f35ce26988f_topic_a4_order1_fixed.png,da_artifacts/user_a1dba540-c071-705a-e705-3f35ce26988f_topic_a4_order2_fixed.png
a18b2540-90e1-70f8-deb6-fc59ae3297da,a5,13,12,da_artifacts/user_a18b2540-90e1-70f8-deb6-fc59ae3297da_topic_a5_order1_fixed.png,da_artifacts/user_a18b2540-90e1-70f8-deb6-fc59ae3297da_topic_a5_order2_fixed.png
919b25a0-0071-7022-b6bb-2716eefd7953,a7,13,12,da_artifacts/user_919b25a0-0071-7022-b6bb-2716eefd7953_topic_a7_order1_fixed.png,da_artifacts/user_919b25a0-0071-7022-b6bb-2716eefd7953_topic_a7_order2_fixed.png
210bd5c0-70d1-7070-b076-8b8ae197fb56,a5,9,4,da_artifacts/user_210bd5c0-70d1-7070-b076-8b8ae197fb56_topic_a5_order1_fixed.png,da_artifacts/user_210bd5c0-70d1-7070-b076-8b8ae197fb56_topic_a5_order2_fixed.png
81cbb5e0-9011-7077-7e4e-7aca1564666c,a7,10,6,da_artifacts/user_81cbb5e0-9011-7077-7e4e-7aca1564666c_topic_a7_order1_fixed.png,da_artifacts/user_81cbb5e0-9011-7077-7e4e-7aca1564666c_topic_a7_order2_fixed.png
219b2590-e041-704c-6a88-f3a3366c6cc5,a7,12,10,da_artifacts/user_219b2590-e041-704c-6a88-f3a3366c6cc5_topic_a7_order1_fixed.png,da_artifacts/user_219b2590-e041-704c-6a88-f3a3366c6cc5_topic_a7_order2_fixed.png
91bbd550-f0a1-7047-142d-6aeab04713b1,a4,13,12,da_artifacts/user_91bbd550-f0a1-7047-142d-6aeab04713b1_topic_a4_order1_fixed.png,da_artifacts/user_91bbd550-f0a1-7047-142d-6aeab04713b1_topic_a4_order2_fixed.png
e1fbb500-50c1-7067-3f5b-f2a306231361,a4,12,10,da_artifacts/user_e1fbb500-50c1-7067-3f5b-f2a306231361_topic_a4_order1_fixed.png,da_artifacts/user_e1fbb500-50c1-7067-3f5b-f2a306231361_topic_a4_order2_fixed.png
f15b75b0-6011-7034-bf08-1dd66fe5cffa,a3,12,10,da_artifacts/user_f15b75b0-6011-7034-bf08-1dd66fe5cffa_topic_a3_order1_fixed.png,da_artifacts/user_f15b75b0-6011-7034-bf08-1dd66fe5cffa_topic_a3_order2_fixed.png
511bf560-b061-7030-1534-373d6182148d,a5,13,12,da_artifacts/user_511bf560-b061-7030-1534-373d6182148d_topic_a5_order1_fixed.png,da_artifacts/user_511bf560-b061-7030-1534-373d6182148d_topic_a5_order2_fixed.png
017bc500-50b1-70d6-f73f-a218553355df,a7,13,12,da_artifacts/user_017bc500-50b1-70d6-f73f-a218553355df_topic_a7_order1_fixed.png,da_artifacts/user_017bc500-50b1-70d6-f73f-a218553355df_topic_a7_order2_fixed.png
510b5580-60e1-7095-f35a-7fd78cd92cfe,a5,12,10,da_artifacts/user_510b5580-60e1-7095-f35a-7fd78cd92cfe_topic_a5_order1_fixed.png,da_artifacts/user_510b5580-60e1-7095-f35a-7fd78cd92cfe_topic_a5_order2_fixed.png
41eb6500-1081-7006-138f-298c1f0f89f5,a6,12,10,da_artifacts/user_41eb6500-1081-7006-138f-298c1f0f89f5_topic_a6_order1_fixed.png,da_artifacts/user_41eb6500-1081-7006-138f-298c1f0f89f5_topic_a6_order2_fixed.png
e17b7530-3021-70d1-5891-3515d4c26ec6,a2,13,12,da_artifacts/user_e17b7530-3021-70d1-5891-3515d4c26ec6_topic_a2_order1_fixed.png,da_artifacts/user_e17b7530-3021-70d1-5891-3515d4c26ec6_topic_a2_order2_fixed.png
b1cb6570-80d1-70d6-b914-60bf3a31e5c7,a3,12,10,da_artifacts/user_b1cb6570-80d1-70d6-b914-60bf3a31e5c7_topic_a3_order1_fixed.png,da_artifacts/user_b1cb6570-80d1-70d6-b914-60bf3a31e5c7_topic_a3_order2_fixed.png
f11bc560-6081-70ae-2949-07ca788f237b,a3,13,12,da_artifacts/user_f11bc560-6081-70ae-2949-07ca788f237b_topic_a3_order1_fixed.png,da_artifacts/user_f11bc560-6081-70ae-2949-07ca788f237b_topic_a3_order2_fixed.png
719b2530-2001-7002-244b-0c90ec1dc48d,a6,13,12,da_artifacts/user_719b2530-2001-7002-244b-0c90ec1dc48d_topic_a6_order1_fixed.png,da_artifacts/user_719b2530-2001-7002-244b-0c90ec1dc48d_topic_a6_order2_fixed.png
d17b4550-a0d1-7014-38bf-d8d68777c4f4,a6,13,12,da_artifacts/user_d17b4550-a0d1-7014-38bf-d8d68777c4f4_topic_a6_order1_fixed.png,da_artifacts/user_d17b4550-a0d1-7014-38bf-d8d68777c4f4_topic_a6_order2_fixed.png
014b6540-3041-705c-365b-d2029fb91b21,a4,12,10,da_artifacts/user_014b6540-3041-705c-365b-d2029fb91b21_topic_a4_order1_fixed.png,da_artifacts/user_014b6540-3041-705c-365b-d2029fb91b21_topic_a4_order2_fixed.png
31fbe520-0061-70e7-7783-8fdc38bd09fd,a3,13,12,da_artifacts/user_31fbe520-0061-70e7-7783-8fdc38bd09fd_topic_a3_order1_fixed.png,da_artifacts/user_31fbe520-0061-70e7-7783-8fdc38bd09fd_topic_a3_order2_fixed.png
b14ba500-e041-701b-eba7-204e26a8a5b7,a4,12,10,da_artifacts/user_b14ba500-e041-701b-eba7-204e26a8a5b7_topic_a4_order1_fixed.png,da_artifacts/user_b14ba500-e041-701b-eba7-204e26a8a5b7_topic_a4_order2_fixed.png
011bb520-7041-704f-b3e7-ab5c43dd3950,a4,13,12,da_artifacts/user_011bb520-7041-704f-b3e7-ab5c43dd3950_topic_a4_order1_fixed.png,da_artifacts/user_011bb520-7041-704f-b3e7-ab5c43dd3950_topic_a4_order2_fixed.png
b19ba550-c0d1-706b-5b31-6f30f3eaa255,a5,13,12,da_artifacts/user_b19ba550-c0d1-706b-5b31-6f30f3eaa255_topic_a5_order1_fixed.png,da_artifacts/user_b19ba550-c0d1-706b-5b31-6f30f3eaa255_topic_a5_order2_fixed.png
f1cbc5b0-a0b1-7062-ca17-580f39de4c83,a4,11,8,da_artifacts/user_f1cbc5b0-a0b1-7062-ca17-580f39de4c83_topic_a4_order1_fixed.png,da_artifacts/user_f1cbc5b0-a0b1-7062-ca17-580f39de4c83_topic_a4_order2_fixed.png
115ba5a0-f021-7098-63b7-6750e7705b72,a5,13,12,da_artifacts/user_115ba5a0-f021-7098-63b7-6750e7705b72_topic_a5_order1_fixed.png,da_artifacts/user_115ba5a0-f021-7098-63b7-6750e7705b72_topic_a5_order2_fixed.png
91cb75e0-00e1-70ae-d581-d5924359d3b1,a4,12,11,da_artifacts/user_91cb75e0-00e1-70ae-d581-d5924359d3b1_topic_a4_order1_fixed.png,da_artifacts/user_91cb75e0-00e1-70ae-d581-d5924359d3b1_topic_a4_order2_fixed.png
510b5580-60e1-7095-f35a-7fd78cd92cfe,a3,12,11,da_artifacts/user_510b5580-60e1-7095-f35a-7fd78cd92cfe_topic_a3_order1_fixed.png,da_artifacts/user_510b5580-60e1-7095-f35a-7fd78cd92cfe_topic_a3_order2_fixed.png
81eb45d0-00d1-7089-fd06-0ffbbe5e2c7a,a3,11,9,da_artifacts/user_81eb45d0-00d1-7089-fd06-0ffbbe5e2c7a_topic_a3_order1_fixed.png,da_artifacts/user_81eb45d0-00d1-7089-fd06-0ffbbe5e2c7a_topic_a3_order2_fixed.png
a1bbb550-8001-709c-3ebb-799cd4aa893f,a2,9,5,da_artifacts/user_a1bbb550-8001-709c-3ebb-799cd4aa893f_topic_a2_order1_fixed.png,da_artifacts/user_a1bbb550-8001-709c-3ebb-799cd4aa893f_topic_a2_order2_fixed.png
812b15e0-7001-7072-351b-af5182106bba,a2,10,7,da_artifacts/user_812b15e0-7001-7072-351b-af5182106bba_topic_a2_order1_fixed.png,da_artifacts/user_812b15e0-7001-7072-351b-af5182106bba_topic_a2_order2_fixed.png
f1cba540-a0d1-70b2-f94d-ddac74add408,a4,11,9,da_artifacts/user_f1cba540-a0d1-70b2-f94d-ddac74add408_topic_a4_order1_fixed.png,da_artifacts/user_f1cba540-a0d1-70b2-f94d-ddac74add408_topic_a4_order2_fixed.png
e17b7530-3021-70d1-5891-3515d4c26ec6,a1,12,11,da_artifacts/user_e17b7530-3021-70d1-5891-3515d4c26ec6_topic_a1_order1_fixed.png,da_artifacts/user_e17b7530-3021-70d1-5891-3515d4c26ec6_topic_a1_order2_fixed.png
510b5580-60e1-7095-f35a-7fd78cd92cfe,a2,11,9,da_artifacts/user_510b5580-60e1-7095-f35a-7fd78cd92cfe_topic_a2_order1_fixed.png,da_artifacts/user_510b5580-60e1-7095-f35a-7fd78cd92cfe_topic_a2_order2_fixed.png
91cb75e0-00e1-70ae-d581-d5924359d3b1,a5,12,11,da_artifacts/user_91cb75e0-00e1-70ae-d581-d5924359d3b1_topic_a5_order1_fixed.png,da_artifacts/user_91cb75e0-00e1-70ae-d581-d5924359d3b1_topic_a5_order2_fixed.png
41eb6500-1081-7006-138f-298c1f0f89f5,a4,12,11,da_artifacts/user_41eb6500-1081-7006-138f-298c1f0f89f5_topic_a4_order1_fixed.png,da_artifacts/user_41eb6500-1081-7006-138f-298c1f0f89f5_topic_a4_order2_fixed.png
e1cb9560-4091-706e-840f-87a913394f9e,a6,12,11,da_artifacts/user_e1cb9560-4091-706e-840f-87a913394f9e_topic_a6_order1_fixed.png,da_artifacts/user_e1cb9560-4091-706e-840f-87a913394f9e_topic_a6_order2_fixed.png
e1cb9560-4091-706e-840f-87a913394f9e,a7,11,9,da_artifacts/user_e1cb9560-4091-706e-840f-87a913394f9e_topic_a7_order1_fixed.png,da_artifacts/user_e1cb9560-4091-706e-840f-87a913394f9e_topic_a7_order2_fixed.png
c17be530-0011-7066-b860-92d133614a57,a5,12,11,da_artifacts/user_c17be530-0011-7066-b860-92d133614a57_topic_a5_order1_fixed.png,da_artifacts/user_c17be530-0011-7066-b860-92d133614a57_topic_a5_order2_fixed.png
f11bd590-d0f1-70a8-f80a-d8522e3d0cd6,a6,12,11,da_artifacts/user_f11bd590-d0f1-70a8-f80a-d8522e3d0cd6_topic_a6_order1_fixed.png,da_artifacts/user_f11bd590-d0f1-70a8-f80a-d8522e3d0cd6_topic_a6_order2_fixed.png
514b6590-9031-70f3-bdf0-6fb6ff753346,a7,12,11,da_artifacts/user_514b6590-9031-70f3-bdf0-6fb6ff753346_topic_a7_order1_fixed.png,da_artifacts/user_514b6590-9031-70f3-bdf0-6fb6ff753346_topic_a7_order2_fixed.png
311bb5b0-8031-704a-d26b-1a35da2044f9,a2,11,9,da_artifacts/user_311bb5b0-8031-704a-d26b-1a35da2044f9_topic_a2_order1_fixed.png,da_artifacts/user_311bb5b0-8031-704a-d26b-1a35da2044f9_topic_a2_order2_fixed.png
113bc5a0-00c1-70a8-1558-53c8f78b1a99,a3,11,9,da_artifacts/user_113bc5a0-00c1-70a8-1558-53c8f78b1a99_topic_a3_order1_fixed.png,da_artifacts/user_113bc5a0-00c1-70a8-1558-53c8f78b1a99_topic_a3_order2_fixed.png
b14ba500-e041-701b-eba7-204e26a8a5b7,a5,12,11,da_artifacts/user_b14ba500-e041-701b-eba7-204e26a8a5b7_topic_a5_order1_fixed.png,da_artifacts/user_b14ba500-e041-701b-eba7-204e26a8a5b7_topic_a5_order2_fixed.png
119b55f0-6001-70b7-9cf8-aff7a0dc1623,a2,10,7,da_artifacts/user_119b55f0-6001-70b7-9cf8-aff7a0dc1623_topic_a2_order1_fixed.png,da_artifacts/user_119b55f0-6001-70b7-9cf8-aff7a0dc1623_topic_a2_order2_fixed.png
a1fbd5d0-e0e1-7054-7a08-05c01f9a74b1,a1,12,11,da_artifacts/user_a1fbd5d0-e0e1-7054-7a08-05c01f9a74b1_topic_a1_order1_fixed.png,da_artifacts/user_a1fbd5d0-e0e1-7054-7a08-05c01f9a74b1_topic_a1_order2_fixed.png
61bbc5f0-2041-7061-260b-a4d10ca29e45,a7,11,9,da_artifacts/user_61bbc5f0-2041-7061-260b-a4d10ca29e45_topic_a7_order1_fixed.png,da_artifacts/user_61bbc5f0-2041-7061-260b-a4d10ca29e45_topic_a7_order2_fixed.png
a1eba540-c0b1-7047-0613-98a1815ad2ae,a6,10,7,da_artifacts/user_a1eba540-c0b1-7047-0613-98a1815ad2ae_topic_a6_order1_fixed.png,da_artifacts/user_a1eba540-c0b1-7047-0613-98a1815ad2ae_topic_a6_order2_fixed.png
b1cb15d0-c071-70b9-1731-442bca494a97,a3,9,5,da_artifacts/user_b1cb15d0-c071-70b9-1731-442bca494a97_topic_a3_order1_fixed.png,da_artifacts/user_b1cb15d0-c071-70b9-1731-442bca494a97_topic_a3_order2_fixed.png
61eb0590-9001-70e9-9ded-e189346bd845,a6,12,11,da_artifacts/user_61eb0590-9001-70e9-9ded-e189346bd845_topic_a6_order1_fixed.png,da_artifacts/user_61eb0590-9001-70e9-9ded-e189346bd845_topic_a6_order2_fixed.png
113ba590-f051-7017-0685-470ebc1c654d,a1,12,11,da_artifacts/user_113ba590-f051-7017-0685-470ebc1c654d_topic_a1_order1_fixed.png,da_artifacts/user_113ba590-f051-7017-0685-470ebc1c654d_topic_a1_order2_fixed.png
71cb5540-20c1-70a9-1806-fbc6af5f0b86,a2,10,7,da_artifacts/user_71cb5540-20c1-70a9-1806-fbc6af5f0b86_topic_a2_order1_fixed.png,da_artifacts/user_71cb5540-20c1-70a9-1806-fbc6af5f0b86_topic_a2_order2_fixed.png
e19bc5d0-4021-7079-8270-a5b48b2ed74f,a2,9,6,da_artifacts/user_e19bc5d0-4021-7079-8270-a5b48b2ed74f_topic_a2_order1_fixed.png,da_artifacts/user_e19bc5d0-4021-7079-8270-a5b48b2ed74f_topic_a2_order2_fixed.png
218be570-f0f1-7033-b8df-1466adc57225,a7,9,6,da_artifacts/user_218be570-f0f1-7033-b8df-1466adc57225_topic_a7_order1_fixed.png,da_artifacts/user_218be570-f0f1-7033-b8df-1466adc57225_topic_a7_order2_fixed.png
911b1530-f081-70c6-8ba9-81ba9defa173,a7,10,8,da_artifacts/user_911b1530-f081-70c6-8ba9-81ba9defa173_topic_a7_order1_fixed.png,da_artifacts/user_911b1530-f081-70c6-8ba9-81ba9defa173_topic_a7_order2_fixed.png
919b25a0-0071-7022-b6bb-2716eefd7953,a6,11,10,da_artifacts/user_919b25a0-0071-7022-b6bb-2716eefd7953_topic_a6_order1_fixed.png,da_artifacts/user_919b25a0-0071-7022-b6bb-2716eefd7953_topic_a6_order2_fixed.png
813b75b0-90b1-7068-9549-77eb9a62ffdc,a7,7,2,da_artifacts/user_813b75b0-90b1-7068-9549-77eb9a62ffdc_topic_a7_order1_fixed.png,da_artifacts/user_813b75b0-90b1-7068-9549-77eb9a62ffdc_topic_a7_order2_fixed.png
813b75b0-90b1-7068-9549-77eb9a62ffdc,a5,8,4,da_artifacts/user_813b75b0-90b1-7068-9549-77eb9a62ffdc_topic_a5_order1_fixed.png,da_artifacts/user_813b75b0-90b1-7068-9549-77eb9a62ffdc_topic_a5_order2_fixed.png
915b1540-40a1-709f-69ee-13ca3e80fcf2,a1,11,10,da_artifacts/user_915b1540-40a1-709f-69ee-13ca3e80fcf2_topic_a1_order1_fixed.png,da_artifacts/user_915b1540-40a1-709f-69ee-13ca3e80fcf2_topic_a1_order2_fixed.png
d1db45a0-f051-702b-f627-c33637d4528c,a5,9,6,da_artifacts/user_d1db45a0-f051-702b-f627-c33637d4528c_topic_a5_order1_fixed.png,da_artifacts/user_d1db45a0-f051-702b-f627-c33637d4528c_topic_a5_order2_fixed.png
f1abb5c0-3001-7042-a4b5-d6561c36322c,a7,10,8,da_artifacts/user_f1abb5c0-3001-7042-a4b5-d6561c36322c_topic_a7_order1_fixed.png,da_artifacts/user_f1abb5c0-3001-7042-a4b5-d6561c36322c_topic_a7_order2_fixed.png
51abb5c0-8061-70ad-a2f4-55de1f7ca8e9,a7,11,10,da_artifacts/user_51abb5c0-8061-70ad-a2f4-55de1f7ca8e9_topic_a7_order1_fixed.png,da_artifacts/user_51abb5c0-8061-70ad-a2f4-55de1f7ca8e9_topic_a7_order2_fixed.png
31db5580-10e1-70d5-9f5c-004b166ac03c,a3,9,6,da_artifacts/user_31db5580-10e1-70d5-9f5c-004b166ac03c_topic_a3_order1_fixed.png,da_artifacts/user_31db5580-10e1-70d5-9f5c-004b166ac03c_topic_a3_order2_fixed.png
91bbd550-f0a1-7047-142d-6aeab04713b1,a2,11,10,da_artifacts/user_91bbd550-f0a1-7047-142d-6aeab04713b1_topic_a2_order1_fixed.png,da_artifacts/user_91bbd550-f0a1-7047-142d-6aeab04713b1_topic_a2_order2_fixed.png
21fb2560-d0c1-70cc-8456-cb80cc078b11,a7,10,9,da_artifacts/user_21fb2560-d0c1-70cc-8456-cb80cc078b11_topic_a7_order1_fixed.png,da_artifacts/user_21fb2560-d0c1-70cc-8456-cb80cc078b11_topic_a7_order2_fixed.png
b19ba550-c0d1-706b-5b31-6f30f3eaa255,a7,10,9,da_artifacts/user_b19ba550-c0d1-706b-5b31-6f30f3eaa255_topic_a7_order1_fixed.png,da_artifacts/user_b19ba550-c0d1-706b-5b31-6f30f3eaa255_topic_a7_order2_fixed.png
71cb5540-20c1-70a9-1806-fbc6af5f0b86,a5,10,9,da_artifacts/user_71cb5540-20c1-70a9-1806-fbc6af5f0b86_topic_a5_order1_fixed.png,da_artifacts/user_71cb5540-20c1-70a9-1806-fbc6af5f0b86_topic_a5_order2_fixed.png
f11bc560-6081-70ae-2949-07ca788f237b,a6,10,9,da_artifacts/user_f11bc560-6081-70ae-2949-07ca788f237b_topic_a6_order1_fixed.png,da_artifacts/user_f11bc560-6081-70ae-2949-07ca788f237b_topic_a6_order2_fixed.png
011bd560-70e1-7036-62a9-3d29afd5179d,a6,10,9,da_artifacts/user_011bd560-70e1-7036-62a9-3d29afd5179d_topic_a6_order1_fixed.png,da_artifacts/user_011bd560-70e1-7036-62a9-3d29afd5179d_topic_a6_order2_fixed.png
b1bbe550-6071-708d-a4b6-8d280dff01d0,a2,9,7,da_artifacts/user_b1bbe550-6071-708d-a4b6-8d280dff01d0_topic_a2_order1_fixed.png,da_artifacts/user_b1bbe550-6071-708d-a4b6-8d280dff01d0_topic_a2_order2_fixed.png
a1fbb540-3041-70e7-def6-bcec00a31d99,a6,10,9,da_artifacts/user_a1fbb540-3041-70e7-def6-bcec00a31d99_topic_a6_order1_fixed.png,da_artifacts/user_a1fbb540-3041-70e7-def6-bcec00a31d99_topic_a6_order2_fixed.png
e1fbb500-50c1-7067-3f5b-f2a306231361,a3,8,5,da_artifacts/user_e1fbb500-50c1-7067-3f5b-f2a306231361_topic_a3_order1_fixed.png,da_artifacts/user_e1fbb500-50c1-7067-3f5b-f2a306231361_topic_a3_order2_fixed.png
011bb520-7041-704f-b3e7-ab5c43dd3950,a5,9,7,da_artifacts/user_011bb520-7041-704f-b3e7-ab5c43dd3950_topic_a5_order1_fixed.png,da_artifacts/user_011bb520-7041-704f-b3e7-ab5c43dd3950_topic_a5_order2_fixed.png
812b15e0-7001-7072-351b-af5182106bba,a6,10,9,da_artifacts/user_812b15e0-7001-7072-351b-af5182106bba_topic_a6_order1_fixed.png,da_artifacts/user_812b15e0-7001-7072-351b-af5182106bba_topic_a6_order2_fixed.png
f14b7530-60e1-704a-f8d5-4855523e6d94,a6,10,9,da_artifacts/user_f14b7530-60e1-704a-f8d5-4855523e6d94_topic_a6_order1_fixed.png,da_artifacts/user_f14b7530-60e1-704a-f8d5-4855523e6d94_topic_a6_order2_fixed.png
c17b5520-f0b1-70c8-8bf1-0f5bd26a0cad,a6,9,7,da_artifacts/user_c17b5520-f0b1-70c8-8bf1-0f5bd26a0cad_topic_a6_order1_fixed.png,da_artifacts/user_c17b5520-f0b1-70c8-8bf1-0f5bd26a0cad_topic_a6_order2_fixed.png
b14ba500-e041-701b-eba7-204e26a8a5b7,a1,10,9,da_artifacts/user_b14ba500-e041-701b-eba7-204e26a8a5b7_topic_a1_order1_fixed.png,da_artifacts/user_b14ba500-e041-701b-eba7-204e26a8a5b7_topic_a1_order2_fixed.png
a1dba540-c071-705a-e705-3f35ce26988f,a3,10,9,da_artifacts/user_a1dba540-c071-705a-e705-3f35ce26988f_topic_a3_order1_fixed.png,da_artifacts/user_a1dba540-c071-705a-e705-3f35ce26988f_topic_a3_order2_fixed.png
313b35f0-a0f1-70ff-7490-f9e5e8fea858,a5,10,9,da_artifacts/user_313b35f0-a0f1-70ff-7490-f9e5e8fea858_topic_a5_order1_fixed.png,da_artifacts/user_313b35f0-a0f1-70ff-7490-f9e5e8fea858_topic_a5_order2_fixed.png
016b65a0-90b1-703c-a8e3-caf440f1860a,a6,9,7,da_artifacts/user_016b65a0-90b1-703c-a8e3-caf440f1860a_topic_a6_order1_fixed.png,da_artifacts/user_016b65a0-90b1-703c-a8e3-caf440f1860a_topic_a6_order2_fixed.png
514b6590-9031-70f3-bdf0-6fb6ff753346,a4,10,9,da_artifacts/user_514b6590-9031-70f3-bdf0-6fb6ff753346_topic_a4_order1_fixed.png,da_artifacts/user_514b6590-9031-70f3-bdf0-6fb6ff753346_topic_a4_order2_fixed.png
c16b2580-e0d1-70dd-532d-007653cefda9,a7,8,5,da_artifacts/user_c16b2580-e0d1-70dd-532d-007653cefda9_topic_a7_order1_fixed.png,da_artifacts/user_c16b2580-e0d1-70dd-532d-007653cefda9_topic_a7_order2_fixed.png
c11bd560-50c1-70ac-8129-15966669f4ae,a6,10,9,da_artifacts/user_c11bd560-50c1-70ac-8129-15966669f4ae_topic_a6_order1_fixed.png,da_artifacts/user_c11bd560-50c1-70ac-8129-15966669f4ae_topic_a6_order2_fixed.png
a15bd5a0-20b1-705d-cacd-efb43606a358,a5,9,7,da_artifacts/user_a15bd5a0-20b1-705d-cacd-efb43606a358_topic_a5_order1_fixed.png,da_artifacts/user_a15bd5a0-20b1-705d-cacd-efb43606a358_topic_a5_order2_fixed.png
a1cb4570-5011-70b5-5fdf-1eaee3de61f4,a1,10,9,da_artifacts/user_a1cb4570-5011-70b5-5fdf-1eaee3de61f4_topic_a1_order1_fixed.png,da_artifacts/user_a1cb4570-5011-70b5-5fdf-1eaee3de61f4_topic_a1_order2_fixed.png
d16ba510-9071-703c-6c73-2f57834ea988,a6,10,9,da_artifacts/user_d16ba510-9071-703c-6c73-2f57834ea988_topic_a6_order1_fixed.png,da_artifacts/user_d16ba510-9071-703c-6c73-2f57834ea988_topic_a6_order2_fixed.png
c11b2520-70e1-70c8-4f5c-e637ca6a861c,a6,10,9,da_artifacts/user_c11b2520-70e1-70c8-4f5c-e637ca6a861c_topic_a6_order1_fixed.png,da_artifacts/user_c11b2520-70e1-70c8-4f5c-e637ca6a861c_topic_a6_order2_fixed.png
c17bf5d0-5091-70a9-0d1d-8fbc31f9c224,a3,9,7,da_artifacts/user_c17bf5d0-5091-70a9-0d1d-8fbc31f9c224_topic_a3_order1_fixed.png,da_artifacts/user_c17bf5d0-5091-70a9-0d1d-8fbc31f9c224_topic_a3_order2_fixed.png
a19b0540-7071-7042-dcd4-e8b1bed38ef4,a5,10,9,da_artifacts/user_a19b0540-7071-7042-dcd4-e8b1bed38ef4_topic_a5_order1_fixed.png,da_artifacts/user_a19b0540-7071-7042-dcd4-e8b1bed38ef4_topic_a5_order2_fixed.png
d16ba510-9071-703c-6c73-2f57834ea988,a5,8,6,da_artifacts/user_d16ba510-9071-703c-6c73-2f57834ea988_topic_a5_order1_fixed.png,da_artifacts/user_d16ba510-9071-703c-6c73-2f57834ea988_topic_a5_order2_fixed.png
91bbd550-f0a1-7047-142d-6aeab04713b1,a7,9,8,da_artifacts/user_91bbd550-f0a1-7047-142d-6aeab04713b1_topic_a7_order1_fixed.png,da_artifacts/user_91bbd550-f0a1-7047-142d-6aeab04713b1_topic_a7_order2_fixed.png
c18b0590-1021-70b2-a04d-7da82bf20079,a3,9,8,da_artifacts/user_c18b0590-1021-70b2-a04d-7da82bf20079_topic_a3_order1_fixed.png,da_artifacts/user_c18b0590-1021-70b2-a04d-7da82bf20079_topic_a3_order2_fixed.png
a1bbb550-8001-709c-3ebb-799cd4aa893f,a7,9,8,da_artifacts/user_a1bbb550-8001-709c-3ebb-799cd4aa893f_topic_a7_order1_fixed.png,da_artifacts/user_a1bbb550-8001-709c-3ebb-799cd4aa893f_topic_a7_order2_fixed.png
e1cb8510-60e1-709a-53ce-18a04547e565,a3,8,6,da_artifacts/user_e1cb8510-60e1-709a-53ce-18a04547e565_topic_a3_order1_fixed.png,da_artifacts/user_e1cb8510-60e1-709a-53ce-18a04547e565_topic_a3_order2_fixed.png
c14bf560-2021-705a-7bb3-97ad9cbde502,a4,9,8,da_artifacts/user_c14bf560-2021-705a-7bb3-97ad9cbde502_topic_a4_order1_fixed.png,da_artifacts/user_c14bf560-2021-705a-7bb3-97ad9cbde502_topic_a4_order2_fixed.png
f14be5c0-d081-70bb-548b-5d9ea05cc289,a5,8,6,da_artifacts/user_f14be5c0-d081-70bb-548b-5d9ea05cc289_topic_a5_order1_fixed.png,da_artifacts/user_f14be5c0-d081-70bb-548b-5d9ea05cc289_topic_a5_order2_fixed.png
e11ba5c0-60e1-7014-3010-a78f186a4362,a3,8,6,da_artifacts/user_e11ba5c0-60e1-7014-3010-a78f186a4362_topic_a3_order1_fixed.png,da_artifacts/user_e11ba5c0-60e1-7014-3010-a78f186a4362_topic_a3_order2_fixed.png
a1eb05a0-7031-707b-b065-0f30c86f0a6e,a2,7,4,da_artifacts/user_a1eb05a0-7031-707b-b065-0f30c86f0a6e_topic_a2_order1_fixed.png,da_artifacts/user_a1eb05a0-7031-707b-b065-0f30c86f0a6e_topic_a2_order2_fixed.png
91bbd550-f0a1-7047-142d-6aeab04713b1,a5,9,8,da_artifacts/user_91bbd550-f0a1-7047-142d-6aeab04713b1_topic_a5_order1_fixed.png,da_artifacts/user_91bbd550-f0a1-7047-142d-6aeab04713b1_topic_a5_order2_fixed.png
e16b9530-e031-70ad-d225-033f2f45a27d,a3,8,6,da_artifacts/user_e16b9530-e031-70ad-d225-033f2f45a27d_topic_a3_order1_fixed.png,da_artifacts/user_e16b9530-e031-70ad-d225-033f2f45a27d_topic_a3_order2_fixed.png
e16b9530-e031-70ad-d225-033f2f45a27d,a7,9,8,da_artifacts/user_e16b9530-e031-70ad-d225-033f2f45a27d_topic_a7_order1_fixed.png,da_artifacts/user_e16b9530-e031-70ad-d225-033f2f45a27d_topic_a7_order2_fixed.png
e1ebc590-7061-70e7-0b53-19e34682613b,a4,9,8,da_artifacts/user_e1ebc590-7061-70e7-0b53-19e34682613b_topic_a4_order1_fixed.png,da_artifacts/user_e1ebc590-7061-70e7-0b53-19e34682613b_topic_a4_order2_fixed.png
a10bd580-0091-709a-49e7-6e9c96ea58c6,a2,8,6,da_artifacts/user_a10bd580-0091-709a-49e7-6e9c96ea58c6_topic_a2_order1_fixed.png,da_artifacts/user_a10bd580-0091-709a-49e7-6e9c96ea58c6_topic_a2_order2_fixed.png
c11b2520-70e1-70c8-4f5c-e637ca6a861c,a5,9,8,da_artifacts/user_c11b2520-70e1-70c8-4f5c-e637ca6a861c_topic_a5_order1_fixed.png,da_artifacts/user_c11b2520-70e1-70c8-4f5c-e637ca6a861c_topic_a5_order2_fixed.png
d1fb5550-1001-7057-b8f9-d17759791a6b,a4,9,8,da_artifacts/user_d1fb5550-1001-7057-b8f9-d17759791a6b_topic_a4_order1_fixed.png,da_artifacts/user_d1fb5550-1001-7057-b8f9-d17759791a6b_topic_a4_order2_fixed.png
31ab1560-b091-7055-7307-da7f622a0e6b,a5,9,8,da_artifacts/user_31ab1560-b091-7055-7307-da7f622a0e6b_topic_a5_order1_fixed.png,da_artifacts/user_31ab1560-b091-7055-7307-da7f622a0e6b_topic_a5_order2_fixed.png
813b75b0-90b1-7068-9549-77eb9a62ffdc,a2,7,4,da_artifacts/user_813b75b0-90b1-7068-9549-77eb9a62ffdc_topic_a2_order1_fixed.png,da_artifacts/user_813b75b0-90b1-7068-9549-77eb9a62ffdc_topic_a2_order2_fixed.png
310bd5d0-6061-7098-d41e-41b982248427,a6,8,6,da_artifacts/user_310bd5d0-6061-7098-d41e-41b982248427_topic_a6_order1_fixed.png,da_artifacts/user_310bd5d0-6061-7098-d41e-41b982248427_topic_a6_order2_fixed.png
510b5580-60e1-7095-f35a-7fd78cd92cfe,a6,8,6,da_artifacts/user_510b5580-60e1-7095-f35a-7fd78cd92cfe_topic_a6_order1_fixed.png,da_artifacts/user_510b5580-60e1-7095-f35a-7fd78cd92cfe_topic_a6_order2_fixed.png
811bc590-9011-705e-82d7-38a6c705a6c4,a4,9,8,da_artifacts/user_811bc590-9011-705e-82d7-38a6c705a6c4_topic_a4_order1_fixed.png,da_artifacts/user_811bc590-9011-705e-82d7-38a6c705a6c4_topic_a4_order2_fixed.png
71fb0550-10e1-7086-a384-f22bf12dee89,a5,9,8,da_artifacts/user_71fb0550-10e1-7086-a384-f22bf12dee89_topic_a5_order1_fixed.png,da_artifacts/user_71fb0550-10e1-7086-a384-f22bf12dee89_topic_a5_order2_fixed.png
813b75b0-90b1-7068-9549-77eb9a62ffdc,a4,5,0,da_artifacts/user_813b75b0-90b1-7068-9549-77eb9a62ffdc_topic_a4_order1_fixed.png,da_artifacts/user_813b75b0-90b1-7068-9549-77eb9a62ffdc_topic_a4_order2_fixed.png
41cb85f0-d081-708c-e151-e2b062eb0f1d,a7,9,8,da_artifacts/user_41cb85f0-d081-708c-e151-e2b062eb0f1d_topic_a7_order1_fixed.png,da_artifacts/user_41cb85f0-d081-708c-e151-e2b062eb0f1d_topic_a7_order2_fixed.png
51abb5c0-8061-70ad-a2f4-55de1f7ca8e9,a2,9,8,da_artifacts/user_51abb5c0-8061-70ad-a2f4-55de1f7ca8e9_topic_a2_order1_fixed.png,da_artifacts/user_51abb5c0-8061-70ad-a2f4-55de1f7ca8e9_topic_a2_order2_fixed.png
71ab5570-8001-709a-1343-b36f475fb202,a5,9,8,da_artifacts/user_71ab5570-8001-709a-1343-b36f475fb202_topic_a5_order1_fixed.png,da_artifacts/user_71ab5570-8001-709a-1343-b36f475fb202_topic_a5_order2_fixed.png
21fb65c0-a0d1-7058-ae17-4b20090157aa,a5,9,8,da_artifacts/user_21fb65c0-a0d1-7058-ae17-4b20090157aa_topic_a5_order1_fixed.png,da_artifacts/user_21fb65c0-a0d1-7058-ae17-4b20090157aa_topic_a5_order2_fixed.png
819b2520-80d1-7040-a2e8-a74594524790,a6,8,6,da_artifacts/user_819b2520-80d1-7040-a2e8-a74594524790_topic_a6_order1_fixed.png,da_artifacts/user_819b2520-80d1-7040-a2e8-a74594524790_topic_a6_order2_fixed.png
410b95f0-5061-701c-4a3c-9930963ae77f,a5,9,8,da_artifacts/user_410b95f0-5061-701c-4a3c-9930963ae77f_topic_a5_order1_fixed.png,da_artifacts/user_410b95f0-5061-701c-4a3c-9930963ae77f_topic_a5_order2_fixed.png
41eb6500-1081-7006-138f-298c1f0f89f5,a2,8,6,da_artifacts/user_41eb6500-1081-7006-138f-298c1f0f89f5_topic_a2_order1_fixed.png,da_artifacts/user_41eb6500-1081-7006-138f-298c1f0f89f5_topic_a2_order2_fixed.png
613b1510-4051-7027-1ee2-8f2c72d3c64b,a1,8,6,da_artifacts/user_613b1510-4051-7027-1ee2-8f2c72d3c64b_topic_a1_order1_fixed.png,da_artifacts/user_613b1510-4051-7027-1ee2-8f2c72d3c64b_topic_a1_order2_fixed.png
61bbc5f0-2041-7061-260b-a4d10ca29e45,a4,9,8,da_artifacts/user_61bbc5f0-2041-7061-260b-a4d10ca29e45_topic_a4_order1_fixed.png,da_artifacts/user_61bbc5f0-2041-7061-260b-a4d10ca29e45_topic_a4_order2_fixed.png
81fbd560-90f1-70a6-16ea-d6a5ac61b239,a7,9,8,da_artifacts/user_81fbd560-90f1-70a6-16ea-d6a5ac61b239_topic_a7_order1_fixed.png,da_artifacts/user_81fbd560-90f1-70a6-16ea-d6a5ac61b239_topic_a7_order2_fixed.png
312b35d0-2051-7020-d5a8-cf5e4a3d2b40,a5,8,6,da_artifacts/user_312b35d0-2051-7020-d5a8-cf5e4a3d2b40_topic_a5_order1_fixed.png,da_artifacts/user_312b35d0-2051-7020-d5a8-cf5e4a3d2b40_topic_a5_order2_fixed.png
312b7500-f041-709a-6408-6f3b6222555b,a3,7,4,da_artifacts/user_312b7500-f041-709a-6408-6f3b6222555b_topic_a3_order1_fixed.png,da_artifacts/user_312b7500-f041-709a-6408-6f3b6222555b_topic_a3_order2_fixed.png
710bd530-f031-7016-ebe5-ee614a366f14,a6,9,8,da_artifacts/user_710bd530-f031-7016-ebe5-ee614a366f14_topic_a6_order1_fixed.png,da_artifacts/user_710bd530-f031-7016-ebe5-ee614a366f14_topic_a6_order2_fixed.png
011bb520-7041-704f-b3e7-ab5c43dd3950,a2,6,3,da_artifacts/user_011bb520-7041-704f-b3e7-ab5c43dd3950_topic_a2_order1_fixed.png,da_artifacts/user_011bb520-7041-704f-b3e7-ab5c43dd3950_topic_a2_order2_fixed.png
e18b45c0-20a1-7039-271f-10630ddc7b88,a2,8,7,da_artifacts/user_e18b45c0-20a1-7039-271f-10630ddc7b88_topic_a2_order1_fixed.png,da_artifacts/user_e18b45c0-20a1-7039-271f-10630ddc7b88_topic_a2_order2_fixed.png
81fbd560-90f1-70a6-16ea-d6a5ac61b239,a1,7,5,da_artifacts/user_81fbd560-90f1-70a6-16ea-d6a5ac61b239_topic_a1_order1_fixed.png,da_artifacts/user_81fbd560-90f1-70a6-16ea-d6a5ac61b239_topic_a1_order2_fixed.png
e1fbb500-50c1-7067-3f5b-f2a306231361,a2,8,7,da_artifacts/user_e1fbb500-50c1-7067-3f5b-f2a306231361_topic_a2_order1_fixed.png,da_artifacts/user_e1fbb500-50c1-7067-3f5b-f2a306231361_topic_a2_order2_fixed.png
a1eba540-c0b1-7047-0613-98a1815ad2ae,a4,8,7,da_artifacts/user_a1eba540-c0b1-7047-0613-98a1815ad2ae_topic_a4_order1_fixed.png,da_artifacts/user_a1eba540-c0b1-7047-0613-98a1815ad2ae_topic_a4_order2_fixed.png
218be570-f0f1-7033-b8df-1466adc57225,a6,7,5,da_artifacts/user_218be570-f0f1-7033-b8df-1466adc57225_topic_a6_order1_fixed.png,da_artifacts/user_218be570-f0f1-7033-b8df-1466adc57225_topic_a6_order2_fixed.png
81cbb5e0-9011-7077-7e4e-7aca1564666c,a1,7,5,da_artifacts/user_81cbb5e0-9011-7077-7e4e-7aca1564666c_topic_a1_order1_fixed.png,da_artifacts/user_81cbb5e0-9011-7077-7e4e-7aca1564666c_topic_a1_order2_fixed.png
016b15c0-a071-70a4-d6d6-0aae841b512a,a7,5,1,da_artifacts/user_016b15c0-a071-70a4-d6d6-0aae841b512a_topic_a7_order1_fixed.png,da_artifacts/user_016b15c0-a071-70a4-d6d6-0aae841b512a_topic_a7_order2_fixed.png
313b9520-e021-70f9-4924-88d88686726c,a6,8,7,da_artifacts/user_313b9520-e021-70f9-4924-88d88686726c_topic_a6_order1_fixed.png,da_artifacts/user_313b9520-e021-70f9-4924-88d88686726c_topic_a6_order2_fixed.png
01ebb520-b0d1-709a-ca45-bb5b571f108f,a4,8,7,da_artifacts/user_01ebb520-b0d1-709a-ca45-bb5b571f108f_topic_a4_order1_fixed.png,da_artifacts/user_01ebb520-b0d1-709a-ca45-bb5b571f108f_topic_a4_order2_fixed.png
e1ebc590-7061-70e7-0b53-19e34682613b,a3,7,5,da_artifacts/user_e1ebc590-7061-70e7-0b53-19e34682613b_topic_a3_order1_fixed.png,da_artifacts/user_e1ebc590-7061-70e7-0b53-19e34682613b_topic_a3_order2_fixed.png
019be580-4061-7075-debb-ffd77dc8ca40,a6,6,3,da_artifacts/user_019be580-4061-7075-debb-ffd77dc8ca40_topic_a6_order1_fixed.png,da_artifacts/user_019be580-4061-7075-debb-ffd77dc8ca40_topic_a6_order2_fixed.png
017b8560-6081-70e4-7303-6882d8635df0,a2,8,7,da_artifacts/user_017b8560-6081-70e4-7303-6882d8635df0_topic_a2_order1_fixed.png,da_artifacts/user_017b8560-6081-70e4-7303-6882d8635df0_topic_a2_order2_fixed.png
b14bd5f0-0011-704d-7e86-b55f1b5f014a,a4,8,7,da_artifacts/user_b14bd5f0-0011-704d-7e86-b55f1b5f014a_topic_a4_order1_fixed.png,da_artifacts/user_b14bd5f0-0011-704d-7e86-b55f1b5f014a_topic_a4_order2_fixed.png
a15bd5a0-20b1-705d-cacd-efb43606a358,a7,8,7,da_artifacts/user_a15bd5a0-20b1-705d-cacd-efb43606a358_topic_a7_order1_fixed.png,da_artifacts/user_a15bd5a0-20b1-705d-cacd-efb43606a358_topic_a7_order2_fixed.png
71ab5570-8001-709a-1343-b36f475fb202,a4,8,7,da_artifacts/user_71ab5570-8001-709a-1343-b36f475fb202_topic_a4_order1_fixed.png,da_artifacts/user_71ab5570-8001-709a-1343-b36f475fb202_topic_a4_order2_fixed.png
d17b4550-a0d1-7014-38bf-d8d68777c4f4,a4,8,7,da_artifacts/user_d17b4550-a0d1-7014-38bf-d8d68777c4f4_topic_a4_order1_fixed.png,da_artifacts/user_d17b4550-a0d1-7014-38bf-d8d68777c4f4_topic_a4_order2_fixed.png
310bd5d0-6061-7098-d41e-41b982248427,a2,7,5,da_artifacts/user_310bd5d0-6061-7098-d41e-41b982248427_topic_a2_order1_fixed.png,da_artifacts/user_310bd5d0-6061-7098-d41e-41b982248427_topic_a2_order2_fixed.png
b1cb15d0-c071-70b9-1731-442bca494a97,a6,8,7,da_artifacts/user_b1cb15d0-c071-70b9-1731-442bca494a97_topic_a6_order1_fixed.png,da_artifacts/user_b1cb15d0-c071-70b9-1731-442bca494a97_topic_a6_order2_fixed.png
c1fbd5c0-a001-70fd-355d-eb03b3584e47,a4,8,7,da_artifacts/user_c1fbd5c0-a001-70fd-355d-eb03b3584e47_topic_a4_order1_fixed.png,da_artifacts/user_c1fbd5c0-a001-70fd-355d-eb03b3584e47_topic_a4_order2_fixed.png
710bd530-f031-7016-ebe5-ee614a366f14,a2,8,7,da_artifacts/user_710bd530-f031-7016-ebe5-ee614a366f14_topic_a2_order1_fixed.png,da_artifacts/user_710bd530-f031-7016-ebe5-ee614a366f14_topic_a2_order2_fixed.png
617b2500-4071-70e9-29f1-b4c4ce63bfaa,a6,7,5,da_artifacts/user_617b2500-4071-70e9-29f1-b4c4ce63bfaa_topic_a6_order1_fixed.png,da_artifacts/user_617b2500-4071-70e9-29f1-b4c4ce63bfaa_topic_a6_order2_fixed.png
01eb9580-3071-70a9-01aa-f63e5dd14609,a2,8,7,da_artifacts/user_01eb9580-3071-70a9-01aa-f63e5dd14609_topic_a2_order1_fixed.png,da_artifacts/user_01eb9580-3071-70a9-01aa-f63e5dd14609_topic_a2_order2_fixed.png
c1ab6550-a0a1-7068-381c-46a9e01d4df5,a6,7,5,da_artifacts/user_c1ab6550-a0a1-7068-381c-46a9e01d4df5_topic_a6_order1_fixed.png,da_artifacts/user_c1ab6550-a0a1-7068-381c-46a9e01d4df5_topic_a6_order2_fixed.png
619bd5c0-3031-70df-5cbd-c3b6d763d84b,a1,8,7,da_artifacts/user_619bd5c0-3031-70df-5cbd-c3b6d763d84b_topic_a1_order1_fixed.png,da_artifacts/user_619bd5c0-3031-70df-5cbd-c3b6d763d84b_topic_a1_order2_fixed.png
01ebf5c0-7001-7089-68b3-ebba941641c4,a6,7,5,da_artifacts/user_01ebf5c0-7001-7089-68b3-ebba941641c4_topic_a6_order1_fixed.png,da_artifacts/user_01ebf5c0-7001-7089-68b3-ebba941641c4_topic_a6_order2_fixed.png
a18b2540-90e1-70f8-deb6-fc59ae3297da,a4,8,7,da_artifacts/user_a18b2540-90e1-70f8-deb6-fc59ae3297da_topic_a4_order1_fixed.png,da_artifacts/user_a18b2540-90e1-70f8-deb6-fc59ae3297da_topic_a4_order2_fixed.png
91bbd550-f0a1-7047-142d-6aeab04713b1,a6,8,7,da_artifacts/user_91bbd550-f0a1-7047-142d-6aeab04713b1_topic_a6_order1_fixed.png,da_artifacts/user_91bbd550-f0a1-7047-142d-6aeab04713b1_topic_a6_order2_fixed.png
c17b5520-f0b1-70c8-8bf1-0f5bd26a0cad,a4,8,7,da_artifacts/user_c17b5520-f0b1-70c8-8bf1-0f5bd26a0cad_topic_a4_order1_fixed.png,da_artifacts/user_c17b5520-f0b1-70c8-8bf1-0f5bd26a0cad_topic_a4_order2_fixed.png
91fb2530-b051-70f2-9bbb-1733c381bfbc,a3,7,5,da_artifacts/user_91fb2530-b051-70f2-9bbb-1733c381bfbc_topic_a3_order1_fixed.png,da_artifacts/user_91fb2530-b051-70f2-9bbb-1733c381bfbc_topic_a3_order2_fixed.png
012b8580-9011-70e5-0aa0-480c3bb39caa,a7,8,7,da_artifacts/user_012b8580-9011-70e5-0aa0-480c3bb39caa_topic_a7_order1_fixed.png,da_artifacts/user_012b8580-9011-70e5-0aa0-480c3bb39caa_topic_a7_order2_fixed.png
210bd5c0-70d1-7070-b076-8b8ae197fb56,a4,6,3,da_artifacts/user_210bd5c0-70d1-7070-b076-8b8ae197fb56_topic_a4_order1_fixed.png,da_artifacts/user_210bd5c0-70d1-7070-b076-8b8ae197fb56_topic_a4_order2_fixed.png
a15bd5a0-20b1-705d-cacd-efb43606a358,a1,8,7,da_artifacts/user_a15bd5a0-20b1-705d-cacd-efb43606a358_topic_a1_order1_fixed.png,da_artifacts/user_a15bd5a0-20b1-705d-cacd-efb43606a358_topic_a1_order2_fixed.png
a10bd580-0091-709a-49e7-6e9c96ea58c6,a7,7,5,da_artifacts/user_a10bd580-0091-709a-49e7-6e9c96ea58c6_topic_a7_order1_fixed.png,da_artifacts/user_a10bd580-0091-709a-49e7-6e9c96ea58c6_topic_a7_order2_fixed.png
a1fbb540-3041-70e7-def6-bcec00a31d99,a1,7,6,da_artifacts/user_a1fbb540-3041-70e7-def6-bcec00a31d99_topic_a1_order1_fixed.png,da_artifacts/user_a1fbb540-3041-70e7-def6-bcec00a31d99_topic_a1_order2_fixed.png
116b0520-f0b1-70d5-0575-61162dd862fd,a5,7,6,da_artifacts/user_116b0520-f0b1-70d5-0575-61162dd862fd_topic_a5_order1_fixed.png,da_artifacts/user_116b0520-f0b1-70d5-0575-61162dd862fd_topic_a5_order2_fixed.png
a1fbb540-3041-70e7-def6-bcec00a31d99,a7,7,6,da_artifacts/user_a1fbb540-3041-70e7-def6-bcec00a31d99_topic_a7_order1_fixed.png,da_artifacts/user_a1fbb540-3041-70e7-def6-bcec00a31d99_topic_a7_order2_fixed.png
71fb0550-10e1-7086-a384-f22bf12dee89,a7,7,6,da_artifacts/user_71fb0550-10e1-7086-a384-f22bf12dee89_topic_a7_order1_fixed.png,da_artifacts/user_71fb0550-10e1-7086-a384-f22bf12dee89_topic_a7_order2_fixed.png
e14bd5d0-0021-70f1-8b50-efac4033a68a,a2,7,6,da_artifacts/user_e14bd5d0-0021-70f1-8b50-efac4033a68a_topic_a2_order1_fixed.png,da_artifacts/user_e14bd5d0-0021-70f1-8b50-efac4033a68a_topic_a2_order2_fixed.png
41cb85f0-d081-708c-e151-e2b062eb0f1d,a4,6,4,da_artifacts/user_41cb85f0-d081-708c-e151-e2b062eb0f1d_topic_a4_order1_fixed.png,da_artifacts/user_41cb85f0-d081-708c-e151-e2b062eb0f1d_topic_a4_order2_fixed.png
e17b7530-3021-70d1-5891-3515d4c26ec6,a3,6,4,da_artifacts/user_e17b7530-3021-70d1-5891-3515d4c26ec6_topic_a3_order1_fixed.png,da_artifacts/user_e17b7530-3021-70d1-5891-3515d4c26ec6_topic_a3_order2_fixed.png
c10ba560-5051-7080-335e-1e8aaac1f227,a3,6,4,da_artifacts/user_c10ba560-5051-7080-335e-1e8aaac1f227_topic_a3_order1_fixed.png,da_artifacts/user_c10ba560-5051-7080-335e-1e8aaac1f227_topic_a3_order2_fixed.png
e1cb8510-60e1-709a-53ce-18a04547e565,a2,5,2,da_artifacts/user_e1cb8510-60e1-709a-53ce-18a04547e565_topic_a2_order1_fixed.png,da_artifacts/user_e1cb8510-60e1-709a-53ce-18a04547e565_topic_a2_order2_fixed.png
d14be530-3021-7083-6ee6-f96210849e13,a2,7,6,da_artifacts/user_d14be530-3021-7083-6ee6-f96210849e13_topic_a2_order1_fixed.png,da_artifacts/user_d14be530-3021-7083-6ee6-f96210849e13_topic_a2_order2_fixed.png
b13be530-5051-70d1-0e6c-be1458ec7929,a1,5,2,da_artifacts/user_b13be530-5051-70d1-0e6c-be1458ec7929_topic_a1_order1_fixed.png,da_artifacts/user_b13be530-5051-70d1-0e6c-be1458ec7929_topic_a1_order2_fixed.png
919b25a0-0071-7022-b6bb-2716eefd7953,a5,7,6,da_artifacts/user_919b25a0-0071-7022-b6bb-2716eefd7953_topic_a5_order1_fixed.png,da_artifacts/user_919b25a0-0071-7022-b6bb-2716eefd7953_topic_a5_order2_fixed.png
e18b6520-b0e1-70b8-ec64-a69aa95d052f,a4,7,6,da_artifacts/user_e18b6520-b0e1-70b8-ec64-a69aa95d052f_topic_a4_order1_fixed.png,da_artifacts/user_e18b6520-b0e1-70b8-ec64-a69aa95d052f_topic_a4_order2_fixed.png
41fb4560-10f1-7016-b8cc-cd2bc89239b7,a7,6,4,da_artifacts/user_41fb4560-10f1-7016-b8cc-cd2bc89239b7_topic_a7_order1_fixed.png,da_artifacts/user_41fb4560-10f1-7016-b8cc-cd2bc89239b7_topic_a7_order2_fixed.png
c1ab95b0-80d1-7047-e0fd-cf25383a25c1,a3,7,6,da_artifacts/user_c1ab95b0-80d1-7047-e0fd-cf25383a25c1_topic_a3_order1_fixed.png,da_artifacts/user_c1ab95b0-80d1-7047-e0fd-cf25383a25c1_topic_a3_order2_fixed.png
917bc500-1061-70c3-4dd4-f053938b1826,a1,7,6,da_artifacts/user_917bc500-1061-70c3-4dd4-f053938b1826_topic_a1_order1_fixed.png,da_artifacts/user_917bc500-1061-70c3-4dd4-f053938b1826_topic_a1_order2_fixed.png
b10b7510-d0b1-702f-66b3-3c1a07997d6d,a3,4,0,da_artifacts/user_b10b7510-d0b1-702f-66b3-3c1a07997d6d_topic_a3_order1_fixed.png,da_artifacts/user_b10b7510-d0b1-702f-66b3-3c1a07997d6d_topic_a3_order2_fixed.png
b1cb15d0-c071-70b9-1731-442bca494a97,a5,6,4,da_artifacts/user_b1cb15d0-c071-70b9-1731-442bca494a97_topic_a5_order1_fixed.png,da_artifacts/user_b1cb15d0-c071-70b9-1731-442bca494a97_topic_a5_order2_fixed.png
019be580-4061-7075-debb-ffd77dc8ca40,a5,6,4,da_artifacts/user_019be580-4061-7075-debb-ffd77dc8ca40_topic_a5_order1_fixed.png,da_artifacts/user_019be580-4061-7075-debb-ffd77dc8ca40_topic_a5_order2_fixed.png
61abe5e0-d021-7066-78e5-8732da2c09a0,a7,7,6,da_artifacts/user_61abe5e0-d021-7066-78e5-8732da2c09a0_topic_a7_order1_fixed.png,da_artifacts/user_61abe5e0-d021-7066-78e5-8732da2c09a0_topic_a7_order2_fixed.png
e11ba5c0-60e1-7014-3010-a78f186a4362,a6,6,4,da_artifacts/user_e11ba5c0-60e1-7014-3010-a78f186a4362_topic_a6_order1_fixed.png,da_artifacts/user_e11ba5c0-60e1-7014-3010-a78f186a4362_topic_a6_order2_fixed.png
81fbd560-90f1-70a6-16ea-d6a5ac61b239,a4,7,6,da_artifacts/user_81fbd560-90f1-70a6-16ea-d6a5ac61b239_topic_a4_order1_fixed.png,da_artifacts/user_81fbd560-90f1-70a6-16ea-d6a5ac61b239_topic_a4_order2_fixed.png
514b6590-9031-70f3-bdf0-6fb6ff753346,a5,7,6,da_artifacts/user_514b6590-9031-70f3-bdf0-6fb6ff753346_topic_a5_order1_fixed.png,da_artifacts/user_514b6590-9031-70f3-bdf0-6fb6ff753346_topic_a5_order2_fixed.png
a15b55c0-6081-70cd-a61b-afbdaf0eff13,a2,6,4,da_artifacts/user_a15b55c0-6081-70cd-a61b-afbdaf0eff13_topic_a2_order1_fixed.png,da_artifacts/user_a15b55c0-6081-70cd-a61b-afbdaf0eff13_topic_a2_order2_fixed.png
d17b4550-a0d1-7014-38bf-d8d68777c4f4,a7,7,6,da_artifacts/user_d17b4550-a0d1-7014-38bf-d8d68777c4f4_topic_a7_order1_fixed.png,da_artifacts/user_d17b4550-a0d1-7014-38bf-d8d68777c4f4_topic_a7_order2_fixed.png
911b1530-f081-70c6-8ba9-81ba9defa173,a4,5,2,da_artifacts/user_911b1530-f081-70c6-8ba9-81ba9defa173_topic_a4_order1_fixed.png,da_artifacts/user_911b1530-f081-70c6-8ba9-81ba9defa173_topic_a4_order2_fixed.png
516b7570-00e1-700e-b368-e544714cb230,a7,6,4,da_artifacts/user_516b7570-00e1-700e-b368-e544714cb230_topic_a7_order1_fixed.png,da_artifacts/user_516b7570-00e1-700e-b368-e544714cb230_topic_a7_order2_fixed.png
313b35f0-a0f1-70ff-7490-f9e5e8fea858,a7,7,6,da_artifacts/user_313b35f0-a0f1-70ff-7490-f9e5e8fea858_topic_a7_order1_fixed.png,da_artifacts/user_313b35f0-a0f1-70ff-7490-f9e5e8fea858_topic_a7_order2_fixed.png
e1ebc590-7061-70e7-0b53-19e34682613b,a7,6,4,da_artifacts/user_e1ebc590-7061-70e7-0b53-19e34682613b_topic_a7_order1_fixed.png,da_artifacts/user_e1ebc590-7061-70e7-0b53-19e34682613b_topic_a7_order2_fixed.png
e1ebc590-7061-70e7-0b53-19e34682613b,a5,7,6,da_artifacts/user_e1ebc590-7061-70e7-0b53-19e34682613b_topic_a5_order1_fixed.png,da_artifacts/user_e1ebc590-7061-70e7-0b53-19e34682613b_topic_a5_order2_fixed.png
11dbd5f0-80a1-7076-d1aa-848948d336e3,a2,5,3,da_artifacts/user_11dbd5f0-80a1-7076-d1aa-848948d336e3_topic_a2_order1_fixed.png,da_artifacts/user_11dbd5f0-80a1-7076-d1aa-848948d336e3_topic_a2_order2_fixed.png
91fb2530-b051-70f2-9bbb-1733c381bfbc,a2,6,5,da_artifacts/user_91fb2530-b051-70f2-9bbb-1733c381bfbc_topic_a2_order1_fixed.png,da_artifacts/user_91fb2530-b051-70f2-9bbb-1733c381bfbc_topic_a2_order2_fixed.png
011bd560-70e1-7036-62a9-3d29afd5179d,a5,6,5,da_artifacts/user_011bd560-70e1-7036-62a9-3d29afd5179d_topic_a5_order1_fixed.png,da_artifacts/user_011bd560-70e1-7036-62a9-3d29afd5179d_topic_a5_order2_fixed.png
71cbe580-90f1-7027-51c8-f471e501854b,a3,5,3,da_artifacts/user_71cbe580-90f1-7027-51c8-f471e501854b_topic_a3_order1_fixed.png,da_artifacts/user_71cbe580-90f1-7027-51c8-f471e501854b_topic_a3_order2_fixed.png
d17b6520-5071-7048-0b67-edd7ac9f9e44,a1,5,3,da_artifacts/user_d17b6520-5071-7048-0b67-edd7ac9f9e44_topic_a1_order1_fixed.png,da_artifacts/user_d17b6520-5071-7048-0b67-edd7ac9f9e44_topic_a1_order2_fixed.png
21fb65c0-a0d1-7058-ae17-4b20090157aa,a6,5,3,da_artifacts/user_21fb65c0-a0d1-7058-ae17-4b20090157aa_topic_a6_order1_fixed.png,da_artifacts/user_21fb65c0-a0d1-7058-ae17-4b20090157aa_topic_a6_order2_fixed.png
313b9520-e021-70f9-4924-88d88686726c,a2,6,5,da_artifacts/user_313b9520-e021-70f9-4924-88d88686726c_topic_a2_order1_fixed.png,da_artifacts/user_313b9520-e021-70f9-4924-88d88686726c_topic_a2_order2_fixed.png
410b95f0-5061-701c-4a3c-9930963ae77f,a7,6,5,da_artifacts/user_410b95f0-5061-701c-4a3c-9930963ae77f_topic_a7_order1_fixed.png,da_artifacts/user_410b95f0-5061-701c-4a3c-9930963ae77f_topic_a7_order2_fixed.png
e16b9530-e031-70ad-d225-033f2f45a27d,a2,6,5,da_artifacts/user_e16b9530-e031-70ad-d225-033f2f45a27d_topic_a2_order1_fixed.png,da_artifacts/user_e16b9530-e031-70ad-d225-033f2f45a27d_topic_a2_order2_fixed.png
d17b4550-a0d1-7014-38bf-d8d68777c4f4,a1,5,3,da_artifacts/user_d17b4550-a0d1-7014-38bf-d8d68777c4f4_topic_a1_order1_fixed.png,da_artifacts/user_d17b4550-a0d1-7014-38bf-d8d68777c4f4_topic_a1_order2_fixed.png
611bf540-9091-708a-926e-51ff59cf9473,a3,4,1,da_artifacts/user_611bf540-9091-708a-926e-51ff59cf9473_topic_a3_order1_fixed.png,da_artifacts/user_611bf540-9091-708a-926e-51ff59cf9473_topic_a3_order2_fixed.png
f15b75b0-6011-7034-bf08-1dd66fe5cffa,a6,6,5,da_artifacts/user_f15b75b0-6011-7034-bf08-1dd66fe5cffa_topic_a6_order1_fixed.png,da_artifacts/user_f15b75b0-6011-7034-bf08-1dd66fe5cffa_topic_a6_order2_fixed.png
313b35f0-a0f1-70ff-7490-f9e5e8fea858,a4,6,5,da_artifacts/user_313b35f0-a0f1-70ff-7490-f9e5e8fea858_topic_a4_order1_fixed.png,da_artifacts/user_313b35f0-a0f1-70ff-7490-f9e5e8fea858_topic_a4_order2_fixed.png
714b9540-8061-70d8-daaa-8a4b42d4dd71,a1,6,5,da_artifacts/user_714b9540-8061-70d8-daaa-8a4b42d4dd71_topic_a1_order1_fixed.png,da_artifacts/user_714b9540-8061-70d8-daaa-8a4b42d4dd71_topic_a1_order2_fixed.png
415b45e0-c021-70ec-1015-5db26e8e37a8,a2,6,5,da_artifacts/user_415b45e0-c021-70ec-1015-5db26e8e37a8_topic_a2_order1_fixed.png,da_artifacts/user_415b45e0-c021-70ec-1015-5db26e8e37a8_topic_a2_order2_fixed.png
21fb2560-d0c1-70cc-8456-cb80cc078b11,a3,6,5,da_artifacts/user_21fb2560-d0c1-70cc-8456-cb80cc078b11_topic_a3_order1_fixed.png,da_artifacts/user_21fb2560-d0c1-70cc-8456-cb80cc078b11_topic_a3_order2_fixed.png
21fb65c0-a0d1-7058-ae17-4b20090157aa,a3,6,5,da_artifacts/user_21fb65c0-a0d1-7058-ae17-4b20090157aa_topic_a3_order1_fixed.png,da_artifacts/user_21fb65c0-a0d1-7058-ae17-4b20090157aa_topic_a3_order2_fixed.png
01cbf550-9041-70f1-3bbe-92176ffa992e,a5,6,5,da_artifacts/user_01cbf550-9041-70f1-3bbe-92176ffa992e_topic_a5_order1_fixed.png,da_artifacts/user_01cbf550-9041-70f1-3bbe-92176ffa992e_topic_a5_order2_fixed.png
e1cb8510-60e1-709a-53ce-18a04547e565,a4,6,5,da_artifacts/user_e1cb8510-60e1-709a-53ce-18a04547e565_topic_a4_order1_fixed.png,da_artifacts/user_e1cb8510-60e1-709a-53ce-18a04547e565_topic_a4_order2_fixed.png
f14b7530-60e1-704a-f8d5-4855523e6d94,a2,6,5,da_artifacts/user_f14b7530-60e1-704a-f8d5-4855523e6d94_topic_a2_order1_fixed.png,da_artifacts/user_f14b7530-60e1-704a-f8d5-4855523e6d94_topic_a2_order2_fixed.png
415b55a0-10a1-704e-fbb1-94f533c8040b,a3,6,5,da_artifacts/user_415b55a0-10a1-704e-fbb1-94f533c8040b_topic_a3_order1_fixed.png,da_artifacts/user_415b55a0-10a1-704e-fbb1-94f533c8040b_topic_a3_order2_fixed.png
a19b0540-7071-7042-dcd4-e8b1bed38ef4,a3,6,5,da_artifacts/user_a19b0540-7071-7042-dcd4-e8b1bed38ef4_topic_a3_order1_fixed.png,da_artifacts/user_a19b0540-7071-7042-dcd4-e8b1bed38ef4_topic_a3_order2_fixed.png
a19b0540-7071-7042-dcd4-e8b1bed38ef4,a6,6,5,da_artifacts/user_a19b0540-7071-7042-dcd4-e8b1bed38ef4_topic_a6_order1_fixed.png,da_artifacts/user_a19b0540-7071-7042-dcd4-e8b1bed38ef4_topic_a6_order2_fixed.png
81fbd560-90f1-70a6-16ea-d6a5ac61b239,a2,6,5,da_artifacts/user_81fbd560-90f1-70a6-16ea-d6a5ac61b239_topic_a2_order1_fixed.png,da_artifacts/user_81fbd560-90f1-70a6-16ea-d6a5ac61b239_topic_a2_order2_fixed.png
c16b2580-e0d1-70dd-532d-007653cefda9,a4,5,3,da_artifacts/user_c16b2580-e0d1-70dd-532d-007653cefda9_topic_a4_order1_fixed.png,da_artifacts/user_c16b2580-e0d1-70dd-532d-007653cefda9_topic_a4_order2_fixed.png
415b55a0-10a1-704e-fbb1-94f533c8040b,a4,6,5,da_artifacts/user_415b55a0-10a1-704e-fbb1-94f533c8040b_topic_a4_order1_fixed.png,da_artifacts/user_415b55a0-10a1-704e-fbb1-94f533c8040b_topic_a4_order2_fixed.png
411be510-8031-7076-69a0-27626d9dd276,a2,6,5,da_artifacts/user_411be510-8031-7076-69a0-27626d9dd276_topic_a2_order1_fixed.png,da_artifacts/user_411be510-8031-7076-69a0-27626d9dd276_topic_a2_order2_fixed.png
410bf580-d041-70ad-e668-e60717bb3b98,a7,6,5,da_artifacts/user_410bf580-d041-70ad-e668-e60717bb3b98_topic_a7_order1_fixed.png,da_artifacts/user_410bf580-d041-70ad-e668-e60717bb3b98_topic_a7_order2_fixed.png
312b35d0-2051-7020-d5a8-cf5e4a3d2b40,a7,6,5,da_artifacts/user_312b35d0-2051-7020-d5a8-cf5e4a3d2b40_topic_a7_order1_fixed.png,da_artifacts/user_312b35d0-2051-7020-d5a8-cf5e4a3d2b40_topic_a7_order2_fixed.png
a1dba540-c071-705a-e705-3f35ce26988f,a2,6,5,da_artifacts/user_a1dba540-c071-705a-e705-3f35ce26988f_topic_a2_order1_fixed.png,da_artifacts/user_a1dba540-c071-705a-e705-3f35ce26988f_topic_a2_order2_fixed.png
315b9550-4081-7033-4f93-fe2be67cdfcc,a4,6,5,da_artifacts/user_315b9550-4081-7033-4f93-fe2be67cdfcc_topic_a4_order1_fixed.png,da_artifacts/user_315b9550-4081-7033-4f93-fe2be67cdfcc_topic_a4_order2_fixed.png
a13b5500-0021-7047-dba8-89607721af5d,a7,6,5,da_artifacts/user_a13b5500-0021-7047-dba8-89607721af5d_topic_a7_order1_fixed.png,da_artifacts/user_a13b5500-0021-7047-dba8-89607721af5d_topic_a7_order2_fixed.png
c1eb8590-5071-70c5-90a9-bcbf8ca28ccb,a3,6,5,da_artifacts/user_c1eb8590-5071-70c5-90a9-bcbf8ca28ccb_topic_a3_order1_fixed.png,da_artifacts/user_c1eb8590-5071-70c5-90a9-bcbf8ca28ccb_topic_a3_order2_fixed.png
c14bf560-2021-705a-7bb3-97ad9cbde502,a7,5,3,da_artifacts/user_c14bf560-2021-705a-7bb3-97ad9cbde502_topic_a7_order1_fixed.png,da_artifacts/user_c14bf560-2021-705a-7bb3-97ad9cbde502_topic_a7_order2_fixed.png
819b2520-80d1-7040-a2e8-a74594524790,a3,5,3,da_artifacts/user_819b2520-80d1-7040-a2e8-a74594524790_topic_a3_order1_fixed.png,da_artifacts/user_819b2520-80d1-7040-a2e8-a74594524790_topic_a3_order2_fixed.png
41cb85f0-d081-708c-e151-e2b062eb0f1d,a6,6,5,da_artifacts/user_41cb85f0-d081-708c-e151-e2b062eb0f1d_topic_a6_order1_fixed.png,da_artifacts/user_41cb85f0-d081-708c-e151-e2b062eb0f1d_topic_a6_order2_fixed.png
a1fb3570-f021-705f-6d23-353ec8617ab4,a6,6,5,da_artifacts/user_a1fb3570-f021-705f-6d23-353ec8617ab4_topic_a6_order1_fixed.png,da_artifacts/user_a1fb3570-f021-705f-6d23-353ec8617ab4_topic_a6_order2_fixed.png
919be590-7081-7003-3cef-906e621826ff,a5,5,3,da_artifacts/user_919be590-7081-7003-3cef-906e621826ff_topic_a5_order1_fixed.png,da_artifacts/user_919be590-7081-7003-3cef-906e621826ff_topic_a5_order2_fixed.png
119b55f0-6001-70b7-9cf8-aff7a0dc1623,a1,4,1,da_artifacts/user_119b55f0-6001-70b7-9cf8-aff7a0dc1623_topic_a1_order1_fixed.png,da_artifacts/user_119b55f0-6001-70b7-9cf8-aff7a0dc1623_topic_a1_order2_fixed.png
a1ebb500-9081-70a6-c0d9-6fc5a9b63b7d,a3,6,5,da_artifacts/user_a1ebb500-9081-70a6-c0d9-6fc5a9b63b7d_topic_a3_order1_fixed.png,da_artifacts/user_a1ebb500-9081-70a6-c0d9-6fc5a9b63b7d_topic_a3_order2_fixed.png
016b65a0-90b1-703c-a8e3-caf440f1860a,a1,4,1,da_artifacts/user_016b65a0-90b1-703c-a8e3-caf440f1860a_topic_a1_order1_fixed.png,da_artifacts/user_016b65a0-90b1-703c-a8e3-caf440f1860a_topic_a1_order2_fixed.png
a13b5500-0021-7047-dba8-89607721af5d,a5,6,5,da_artifacts/user_a13b5500-0021-7047-dba8-89607721af5d_topic_a5_order1_fixed.png,da_artifacts/user_a13b5500-0021-7047-dba8-89607721af5d_topic_a5_order2_fixed.png
817b9500-8071-700f-6d35-00db749ffca6,a6,6,5,da_artifacts/user_817b9500-8071-700f-6d35-00db749ffca6_topic_a6_order1_fixed.png,da_artifacts/user_817b9500-8071-700f-6d35-00db749ffca6_topic_a6_order2_fixed.png
313b35f0-a0f1-70ff-7490-f9e5e8fea858,a2,3,0,da_artifacts/user_313b35f0-a0f1-70ff-7490-f9e5e8fea858_topic_a2_order1_fixed.png,da_artifacts/user_313b35f0-a0f1-70ff-7490-f9e5e8fea858_topic_a2_order2_fixed.png
d16ba510-9071-703c-6c73-2f57834ea988,a1,4,2,da_artifacts/user_d16ba510-9071-703c-6c73-2f57834ea988_topic_a1_order1_fixed.png,da_artifacts/user_d16ba510-9071-703c-6c73-2f57834ea988_topic_a1_order2_fixed.png
f1abd540-a0f1-70c2-5c22-206895f355ca,a2,5,4,da_artifacts/user_f1abd540-a0f1-70c2-5c22-206895f355ca_topic_a2_order1_fixed.png,da_artifacts/user_f1abd540-a0f1-70c2-5c22-206895f355ca_topic_a2_order2_fixed.png
c1ab6550-a0a1-7068-381c-46a9e01d4df5,a5,5,4,da_artifacts/user_c1ab6550-a0a1-7068-381c-46a9e01d4df5_topic_a5_order1_fixed.png,da_artifacts/user_c1ab6550-a0a1-7068-381c-46a9e01d4df5_topic_a5_order2_fixed.png
619bf560-4021-7015-9155-f148328587b8,a7,5,4,da_artifacts/user_619bf560-4021-7015-9155-f148328587b8_topic_a7_order1_fixed.png,da_artifacts/user_619bf560-4021-7015-9155-f148328587b8_topic_a7_order2_fixed.png
c14bf560-2021-705a-7bb3-97ad9cbde502,a5,5,4,da_artifacts/user_c14bf560-2021-705a-7bb3-97ad9cbde502_topic_a5_order1_fixed.png,da_artifacts/user_c14bf560-2021-705a-7bb3-97ad9cbde502_topic_a5_order2_fixed.png
312b35d0-2051-7020-d5a8-cf5e4a3d2b40,a6,5,4,da_artifacts/user_312b35d0-2051-7020-d5a8-cf5e4a3d2b40_topic_a6_order1_fixed.png,da_artifacts/user_312b35d0-2051-7020-d5a8-cf5e4a3d2b40_topic_a6_order2_fixed.png
91cb75e0-00e1-70ae-d581-d5924359d3b1,a6,5,4,da_artifacts/user_91cb75e0-00e1-70ae-d581-d5924359d3b1_topic_a6_order1_fixed.png,da_artifacts/user_91cb75e0-00e1-70ae-d581-d5924359d3b1_topic_a6_order2_fixed.png
c11b2520-70e1-70c8-4f5c-e637ca6a861c,a1,4,2,da_artifacts/user_c11b2520-70e1-70c8-4f5c-e637ca6a861c_topic_a1_order1_fixed.png,da_artifacts/user_c11b2520-70e1-70c8-4f5c-e637ca6a861c_topic_a1_order2_fixed.png
c17b5520-f0b1-70c8-8bf1-0f5bd26a0cad,a7,5,4,da_artifacts/user_c17b5520-f0b1-70c8-8bf1-0f5bd26a0cad_topic_a7_order1_fixed.png,da_artifacts/user_c17b5520-f0b1-70c8-8bf1-0f5bd26a0cad_topic_a7_order2_fixed.png
91cb75e0-00e1-70ae-d581-d5924359d3b1,a7,5,4,da_artifacts/user_91cb75e0-00e1-70ae-d581-d5924359d3b1_topic_a7_order1_fixed.png,da_artifacts/user_91cb75e0-00e1-70ae-d581-d5924359d3b1_topic_a7_order2_fixed.png
719b2530-2001-7002-244b-0c90ec1dc48d,a7,5,4,da_artifacts/user_719b2530-2001-7002-244b-0c90ec1dc48d_topic_a7_order1_fixed.png,da_artifacts/user_719b2530-2001-7002-244b-0c90ec1dc48d_topic_a7_order2_fixed.png
f1cbc5b0-a0b1-7062-ca17-580f39de4c83,a3,4,2,da_artifacts/user_f1cbc5b0-a0b1-7062-ca17-580f39de4c83_topic_a3_order1_fixed.png,da_artifacts/user_f1cbc5b0-a0b1-7062-ca17-580f39de4c83_topic_a3_order2_fixed.png
113ba590-f051-7017-0685-470ebc1c654d,a6,4,2,da_artifacts/user_113ba590-f051-7017-0685-470ebc1c654d_topic_a6_order1_fixed.png,da_artifacts/user_113ba590-f051-7017-0685-470ebc1c654d_topic_a6_order2_fixed.png
313b9520-e021-70f9-4924-88d88686726c,a7,5,4,da_artifacts/user_313b9520-e021-70f9-4924-88d88686726c_topic_a7_order1_fixed.png,da_artifacts/user_313b9520-e021-70f9-4924-88d88686726c_topic_a7_order2_fixed.png
f14be5c0-d081-70bb-548b-5d9ea05cc289,a4,4,2,da_artifacts/user_f14be5c0-d081-70bb-548b-5d9ea05cc289_topic_a4_order1_fixed.png,da_artifacts/user_f14be5c0-d081-70bb-548b-5d9ea05cc289_topic_a4_order2_fixed.png
a13b5500-0021-7047-dba8-89607721af5d,a6,5,4,da_artifacts/user_a13b5500-0021-7047-dba8-89607721af5d_topic_a6_order1_fixed.png,da_artifacts/user_a13b5500-0021-7047-dba8-89607721af5d_topic_a6_order2_fixed.png
21db15f0-b041-70c8-aec0-cd297c0b55ac,a7,5,4,da_artifacts/user_21db15f0-b041-70c8-aec0-cd297c0b55ac_topic_a7_order1_fixed.png,da_artifacts/user_21db15f0-b041-70c8-aec0-cd297c0b55ac_topic_a7_order2_fixed.png
410bf580-d041-70ad-e668-e60717bb3b98,a2,5,4,da_artifacts/user_410bf580-d041-70ad-e668-e60717bb3b98_topic_a2_order1_fixed.png,da_artifacts/user_410bf580-d041-70ad-e668-e60717bb3b98_topic_a2_order2_fixed.png
e18b45c0-20a1-7039-271f-10630ddc7b88,a4,5,4,da_artifacts/user_e18b45c0-20a1-7039-271f-10630ddc7b88_topic_a4_order1_fixed.png,da_artifacts/user_e18b45c0-20a1-7039-271f-10630ddc7b88_topic_a4_order2_fixed.png
e18b45c0-20a1-7039-271f-10630ddc7b88,a5,4,2,da_artifacts/user_e18b45c0-20a1-7039-271f-10630ddc7b88_topic_a5_order1_fixed.png,da_artifacts/user_e18b45c0-20a1-7039-271f-10630ddc7b88_topic_a5_order2_fixed.png
f14be5c0-d081-70bb-548b-5d9ea05cc289,a3,4,2,da_artifacts/user_f14be5c0-d081-70bb-548b-5d9ea05cc289_topic_a3_order1_fixed.png,da_artifacts/user_f14be5c0-d081-70bb-548b-5d9ea05cc289_topic_a3_order2_fixed.png
119b55f0-6001-70b7-9cf8-aff7a0dc1623,a4,3,0,da_artifacts/user_119b55f0-6001-70b7-9cf8-aff7a0dc1623_topic_a4_order1_fixed.png,da_artifacts/user_119b55f0-6001-70b7-9cf8-aff7a0dc1623_topic_a4_order2_fixed.png
e1cb8510-60e1-709a-53ce-18a04547e565,a5,5,4,da_artifacts/user_e1cb8510-60e1-709a-53ce-18a04547e565_topic_a5_order1_fixed.png,da_artifacts/user_e1cb8510-60e1-709a-53ce-18a04547e565_topic_a5_order2_fixed.png
41eb6500-1081-7006-138f-298c1f0f89f5,a7,4,2,da_artifacts/user_41eb6500-1081-7006-138f-298c1f0f89f5_topic_a7_order1_fixed.png,da_artifacts/user_41eb6500-1081-7006-138f-298c1f0f89f5_topic_a7_order2_fixed.png
e1cb8510-60e1-709a-53ce-18a04547e565,a6,5,4,da_artifacts/user_e1cb8510-60e1-709a-53ce-18a04547e565_topic_a6_order1_fixed.png,da_artifacts/user_e1cb8510-60e1-709a-53ce-18a04547e565_topic_a6_order2_fixed.png
912bd5e0-5061-7098-cb02-8d6eae25468c,a3,5,4,da_artifacts/user_912bd5e0-5061-7098-cb02-8d6eae25468c_topic_a3_order1_fixed.png,da_artifacts/user_912bd5e0-5061-7098-cb02-8d6eae25468c_topic_a3_order2_fixed.png
f14be5c0-d081-70bb-548b-5d9ea05cc289,a2,5,4,da_artifacts/user_f14be5c0-d081-70bb-548b-5d9ea05cc289_topic_a2_order1_fixed.png,da_artifacts/user_f14be5c0-d081-70bb-548b-5d9ea05cc289_topic_a2_order2_fixed.png
81eb45d0-00d1-7089-fd06-0ffbbe5e2c7a,a7,4,2,da_artifacts/user_81eb45d0-00d1-7089-fd06-0ffbbe5e2c7a_topic_a7_order1_fixed.png,da_artifacts/user_81eb45d0-00d1-7089-fd06-0ffbbe5e2c7a_topic_a7_order2_fixed.png
216bd550-9081-7098-93e3-10b74373ebe6,a7,5,4,da_artifacts/user_216bd550-9081-7098-93e3-10b74373ebe6_topic_a7_order1_fixed.png,da_artifacts/user_216bd550-9081-7098-93e3-10b74373ebe6_topic_a7_order2_fixed.png
218ba540-4081-70eb-5d75-b3fa54f82268,a6,5,4,da_artifacts/user_218ba540-4081-70eb-5d75-b3fa54f82268_topic_a6_order1_fixed.png,da_artifacts/user_218ba540-4081-70eb-5d75-b3fa54f82268_topic_a6_order2_fixed.png
41eb6500-1081-7006-138f-298c1f0f89f5,a3,5,4,da_artifacts/user_41eb6500-1081-7006-138f-298c1f0f89f5_topic_a3_order1_fixed.png,da_artifacts/user_41eb6500-1081-7006-138f-298c1f0f89f5_topic_a3_order2_fixed.png
f15b75b0-6011-7034-bf08-1dd66fe5cffa,a7,5,4,da_artifacts/user_f15b75b0-6011-7034-bf08-1dd66fe5cffa_topic_a7_order1_fixed.png,da_artifacts/user_f15b75b0-6011-7034-bf08-1dd66fe5cffa_topic_a7_order2_fixed.png
313b9520-e021-70f9-4924-88d88686726c,a3,5,4,da_artifacts/user_313b9520-e021-70f9-4924-88d88686726c_topic_a3_order1_fixed.png,da_artifacts/user_313b9520-e021-70f9-4924-88d88686726c_topic_a3_order2_fixed.png
71fb0550-10e1-7086-a384-f22bf12dee89,a4,5,4,da_artifacts/user_71fb0550-10e1-7086-a384-f22bf12dee89_topic_a4_order1_fixed.png,da_artifacts/user_71fb0550-10e1-7086-a384-f22bf12dee89_topic_a4_order2_fixed.png
211b0520-f0e1-7015-0094-4310c79ba2e6,a5,5,4,da_artifacts/user_211b0520-f0e1-7015-0094-4310c79ba2e6_topic_a5_order1_fixed.png,da_artifacts/user_211b0520-f0e1-7015-0094-4310c79ba2e6_topic_a5_order2_fixed.png
115ba5a0-f021-7098-63b7-6750e7705b72,a7,5,4,da_artifacts/user_115ba5a0-f021-7098-63b7-6750e7705b72_topic_a7_order1_fixed.png,da_artifacts/user_115ba5a0-f021-7098-63b7-6750e7705b72_topic_a7_order2_fixed.png
b14ba500-e041-701b-eba7-204e26a8a5b7,a6,5,4,da_artifacts/user_b14ba500-e041-701b-eba7-204e26a8a5b7_topic_a6_order1_fixed.png,da_artifacts/user_b14ba500-e041-701b-eba7-204e26a8a5b7_topic_a6_order2_fixed.png
619bf560-4021-7015-9155-f148328587b8,a4,4,3,da_artifacts/user_619bf560-4021-7015-9155-f148328587b8_topic_a4_order1_fixed.png,da_artifacts/user_619bf560-4021-7015-9155-f148328587b8_topic_a4_order2_fixed.png
d17b0530-40c1-7051-3339-0d2a5bb89823,a3,4,3,da_artifacts/user_d17b0530-40c1-7051-3339-0d2a5bb89823_topic_a3_order1_fixed.png,da_artifacts/user_d17b0530-40c1-7051-3339-0d2a5bb89823_topic_a3_order2_fixed.png
e11ba5c0-60e1-7014-3010-a78f186a4362,a4,4,3,da_artifacts/user_e11ba5c0-60e1-7014-3010-a78f186a4362_topic_a4_order1_fixed.png,da_artifacts/user_e11ba5c0-60e1-7014-3010-a78f186a4362_topic_a4_order2_fixed.png
e1fbb500-50c1-7067-3f5b-f2a306231361,a6,4,3,da_artifacts/user_e1fbb500-50c1-7067-3f5b-f2a306231361_topic_a6_order1_fixed.png,da_artifacts/user_e1fbb500-50c1-7067-3f5b-f2a306231361_topic_a6_order2_fixed.png
017b8560-6081-70e4-7303-6882d8635df0,a4,4,3,da_artifacts/user_017b8560-6081-70e4-7303-6882d8635df0_topic_a4_order1_fixed.png,da_artifacts/user_017b8560-6081-70e4-7303-6882d8635df0_topic_a4_order2_fixed.png
d1fb5550-1001-7057-b8f9-d17759791a6b,a5,4,3,da_artifacts/user_d1fb5550-1001-7057-b8f9-d17759791a6b_topic_a5_order1_fixed.png,da_artifacts/user_d1fb5550-1001-7057-b8f9-d17759791a6b_topic_a5_order2_fixed.png
e1fbb500-50c1-7067-3f5b-f2a306231361,a7,4,3,da_artifacts/user_e1fbb500-50c1-7067-3f5b-f2a306231361_topic_a7_order1_fixed.png,da_artifacts/user_e1fbb500-50c1-7067-3f5b-f2a306231361_topic_a7_order2_fixed.png
514b6590-9031-70f3-bdf0-6fb6ff753346,a6,4,3,da_artifacts/user_514b6590-9031-70f3-bdf0-6fb6ff753346_topic_a6_order1_fixed.png,da_artifacts/user_514b6590-9031-70f3-bdf0-6fb6ff753346_topic_a6_order2_fixed.png
313b35f0-a0f1-70ff-7490-f9e5e8fea858,a6,4,3,da_artifacts/user_313b35f0-a0f1-70ff-7490-f9e5e8fea858_topic_a6_order1_fixed.png,da_artifacts/user_313b35f0-a0f1-70ff-7490-f9e5e8fea858_topic_a6_order2_fixed.png
315b9550-4081-7033-4f93-fe2be67cdfcc,a5,4,3,da_artifacts/user_315b9550-4081-7033-4f93-fe2be67cdfcc_topic_a5_order1_fixed.png,da_artifacts/user_315b9550-4081-7033-4f93-fe2be67cdfcc_topic_a5_order2_fixed.png
016b15c0-a071-70a4-d6d6-0aae841b512a,a3,3,1,da_artifacts/user_016b15c0-a071-70a4-d6d6-0aae841b512a_topic_a3_order1_fixed.png,da_artifacts/user_016b15c0-a071-70a4-d6d6-0aae841b512a_topic_a3_order2_fixed.png
61bbc5f0-2041-7061-260b-a4d10ca29e45,a2,4,3,da_artifacts/user_61bbc5f0-2041-7061-260b-a4d10ca29e45_topic_a2_order1_fixed.png,da_artifacts/user_61bbc5f0-2041-7061-260b-a4d10ca29e45_topic_a2_order2_fixed.png
e11ba5c0-60e1-7014-3010-a78f186a4362,a7,4,3,da_artifacts/user_e11ba5c0-60e1-7014-3010-a78f186a4362_topic_a7_order1_fixed.png,da_artifacts/user_e11ba5c0-60e1-7014-3010-a78f186a4362_topic_a7_order2_fixed.png
c17bf5d0-5091-70a9-0d1d-8fbc31f9c224,a7,4,3,da_artifacts/user_c17bf5d0-5091-70a9-0d1d-8fbc31f9c224_topic_a7_order1_fixed.png,da_artifacts/user_c17bf5d0-5091-70a9-0d1d-8fbc31f9c224_topic_a7_order2_fixed.png
619bf560-4021-7015-9155-f148328587b8,a3,4,3,da_artifacts/user_619bf560-4021-7015-9155-f148328587b8_topic_a3_order1_fixed.png,da_artifacts/user_619bf560-4021-7015-9155-f148328587b8_topic_a3_order2_fixed.png
510b5580-60e1-7095-f35a-7fd78cd92cfe,a4,3,1,da_artifacts/user_510b5580-60e1-7095-f35a-7fd78cd92cfe_topic_a4_order1_fixed.png,da_artifacts/user_510b5580-60e1-7095-f35a-7fd78cd92cfe_topic_a4_order2_fixed.png
31db5580-10e1-70d5-9f5c-004b166ac03c,a6,3,1,da_artifacts/user_31db5580-10e1-70d5-9f5c-004b166ac03c_topic_a6_order1_fixed.png,da_artifacts/user_31db5580-10e1-70d5-9f5c-004b166ac03c_topic_a6_order2_fixed.png
31eb05d0-70d1-7020-6a3e-bc223a1d6165,a1,4,3,da_artifacts/user_31eb05d0-70d1-7020-6a3e-bc223a1d6165_topic_a1_order1_fixed.png,da_artifacts/user_31eb05d0-70d1-7020-6a3e-bc223a1d6165_topic_a1_order2_fixed.png
e19bc5d0-4021-7079-8270-a5b48b2ed74f,a3,3,1,da_artifacts/user_e19bc5d0-4021-7079-8270-a5b48b2ed74f_topic_a3_order1_fixed.png,da_artifacts/user_e19bc5d0-4021-7079-8270-a5b48b2ed74f_topic_a3_order2_fixed.png
315b9550-4081-7033-4f93-fe2be67cdfcc,a3,4,3,da_artifacts/user_315b9550-4081-7033-4f93-fe2be67cdfcc_topic_a3_order1_fixed.png,da_artifacts/user_315b9550-4081-7033-4f93-fe2be67cdfcc_topic_a3_order2_fixed.png
012b8580-9011-70e5-0aa0-480c3bb39caa,a3,4,3,da_artifacts/user_012b8580-9011-70e5-0aa0-480c3bb39caa_topic_a3_order1_fixed.png,da_artifacts/user_012b8580-9011-70e5-0aa0-480c3bb39caa_topic_a3_order2_fixed.png
017bc500-50b1-70d6-f73f-a218553355df,a5,4,3,da_artifacts/user_017bc500-50b1-70d6-f73f-a218553355df_topic_a5_order1_fixed.png,da_artifacts/user_017bc500-50b1-70d6-f73f-a218553355df_topic_a5_order2_fixed.png
e17b7530-3021-70d1-5891-3515d4c26ec6,a6,3,1,da_artifacts/user_e17b7530-3021-70d1-5891-3515d4c26ec6_topic_a6_order1_fixed.png,da_artifacts/user_e17b7530-3021-70d1-5891-3515d4c26ec6_topic_a6_order2_fixed.png
c1abe560-20f1-70dc-393f-5a083011e23f,a3,4,3,da_artifacts/user_c1abe560-20f1-70dc-393f-5a083011e23f_topic_a3_order1_fixed.png,da_artifacts/user_c1abe560-20f1-70dc-393f-5a083011e23f_topic_a3_order2_fixed.png
f18bb5b0-d001-702f-a16a-a004877fccad,a3,3,1,da_artifacts/user_f18bb5b0-d001-702f-a16a-a004877fccad_topic_a3_order1_fixed.png,da_artifacts/user_f18bb5b0-d001-702f-a16a-a004877fccad_topic_a3_order2_fixed.png
c1abe560-20f1-70dc-393f-5a083011e23f,a4,4,3,da_artifacts/user_c1abe560-20f1-70dc-393f-5a083011e23f_topic_a4_order1_fixed.png,da_artifacts/user_c1abe560-20f1-70dc-393f-5a083011e23f_topic_a4_order2_fixed.png
f15b75b0-6011-7034-bf08-1dd66fe5cffa,a4,3,1,da_artifacts/user_f15b75b0-6011-7034-bf08-1dd66fe5cffa_topic_a4_order1_fixed.png,da_artifacts/user_f15b75b0-6011-7034-bf08-1dd66fe5cffa_topic_a4_order2_fixed.png
f15b75b0-6011-7034-bf08-1dd66fe5cffa,a5,4,3,da_artifacts/user_f15b75b0-6011-7034-bf08-1dd66fe5cffa_topic_a5_order1_fixed.png,da_artifacts/user_f15b75b0-6011-7034-bf08-1dd66fe5cffa_topic_a5_order2_fixed.png
014b6540-3041-705c-365b-d2029fb91b21,a3,4,3,da_artifacts/user_014b6540-3041-705c-365b-d2029fb91b21_topic_a3_order1_fixed.png,da_artifacts/user_014b6540-3041-705c-365b-d2029fb91b21_topic_a3_order2_fixed.png
312b35d0-2051-7020-d5a8-cf5e4a3d2b40,a3,3,1,da_artifacts/user_312b35d0-2051-7020-d5a8-cf5e4a3d2b40_topic_a3_order1_fixed.png,da_artifacts/user_312b35d0-2051-7020-d5a8-cf5e4a3d2b40_topic_a3_order2_fixed.png
b13be530-5051-70d1-0e6c-be1458ec7929,a3,4,3,da_artifacts/user_b13be530-5051-70d1-0e6c-be1458ec7929_topic_a3_order1_fixed.png,da_artifacts/user_b13be530-5051-70d1-0e6c-be1458ec7929_topic_a3_order2_fixed.png
a1fbb540-3041-70e7-def6-bcec00a31d99,a4,4,3,da_artifacts/user_a1fbb540-3041-70e7-def6-bcec00a31d99_topic_a4_order1_fixed.png,da_artifacts/user_a1fbb540-3041-70e7-def6-bcec00a31d99_topic_a4_order2_fixed.png
218be570-f0f1-7033-b8df-1466adc57225,a2,4,3,da_artifacts/user_218be570-f0f1-7033-b8df-1466adc57225_topic_a2_order1_fixed.png,da_artifacts/user_218be570-f0f1-7033-b8df-1466adc57225_topic_a2_order2_fixed.png
a1bbb550-8001-709c-3ebb-799cd4aa893f,a5,4,3,da_artifacts/user_a1bbb550-8001-709c-3ebb-799cd4aa893f_topic_a5_order1_fixed.png,da_artifacts/user_a1bbb550-8001-709c-3ebb-799cd4aa893f_topic_a5_order2_fixed.png
113be530-c071-70a1-1d40-1b6e6088e134,a3,4,3,da_artifacts/user_113be530-c071-70a1-1d40-1b6e6088e134_topic_a3_order1_fixed.png,da_artifacts/user_113be530-c071-70a1-1d40-1b6e6088e134_topic_a3_order2_fixed.png
b1bbe550-6071-708d-a4b6-8d280dff01d0,a6,4,3,da_artifacts/user_b1bbe550-6071-708d-a4b6-8d280dff01d0_topic_a6_order1_fixed.png,da_artifacts/user_b1bbe550-6071-708d-a4b6-8d280dff01d0_topic_a6_order2_fixed.png
21bb6580-40b1-7001-244b-d1c1ba0cec48,a1,4,3,da_artifacts/user_21bb6580-40b1-7001-244b-d1c1ba0cec48_topic_a1_order1_fixed.png,da_artifacts/user_21bb6580-40b1-7001-244b-d1c1ba0cec48_topic_a1_order2_fixed.png
11dbf510-3071-705c-f2d1-83420f60f130,a1,3,1,da_artifacts/user_11dbf510-3071-705c-f2d1-83420f60f130_topic_a1_order1_fixed.png,da_artifacts/user_11dbf510-3071-705c-f2d1-83420f60f130_topic_a1_order2_fixed.png
91fb2530-b051-70f2-9bbb-1733c381bfbc,a6,4,3,da_artifacts/user_91fb2530-b051-70f2-9bbb-1733c381bfbc_topic_a6_order1_fixed.png,da_artifacts/user_91fb2530-b051-70f2-9bbb-1733c381bfbc_topic_a6_order2_fixed.png
115ba5a0-f021-7098-63b7-6750e7705b72,a3,4,3,da_artifacts/user_115ba5a0-f021-7098-63b7-6750e7705b72_topic_a3_order1_fixed.png,da_artifacts/user_115ba5a0-f021-7098-63b7-6750e7705b72_topic_a3_order2_fixed.png
819bd5f0-c0b1-70e2-e723-7bfd5aa9f3ca,a4,4,3,da_artifacts/user_819bd5f0-c0b1-70e2-e723-7bfd5aa9f3ca_topic_a4_order1_fixed.png,da_artifacts/user_819bd5f0-c0b1-70e2-e723-7bfd5aa9f3ca_topic_a4_order2_fixed.png
112b5570-40c1-70f5-ada6-8cd2d2eb5007,a6,3,1,da_artifacts/user_112b5570-40c1-70f5-ada6-8cd2d2eb5007_topic_a6_order1_fixed.png,da_artifacts/user_112b5570-40c1-70f5-ada6-8cd2d2eb5007_topic_a6_order2_fixed.png
819b2520-80d1-7040-a2e8-a74594524790,a7,4,3,da_artifacts/user_819b2520-80d1-7040-a2e8-a74594524790_topic_a7_order1_fixed.png,da_artifacts/user_819b2520-80d1-7040-a2e8-a74594524790_topic_a7_order2_fixed.png
119b55f0-6001-70b7-9cf8-aff7a0dc1623,a3,4,3,da_artifacts/user_119b55f0-6001-70b7-9cf8-aff7a0dc1623_topic_a3_order1_fixed.png,da_artifacts/user_119b55f0-6001-70b7-9cf8-aff7a0dc1623_topic_a3_order2_fixed.png
b19b0560-c011-70d1-0a4f-c32cfa1ae4cd,a7,3,1,da_artifacts/user_b19b0560-c011-70d1-0a4f-c32cfa1ae4cd_topic_a7_order1_fixed.png,da_artifacts/user_b19b0560-c011-70d1-0a4f-c32cfa1ae4cd_topic_a7_order2_fixed.png
a18b2540-90e1-70f8-deb6-fc59ae3297da,a3,3,1,da_artifacts/user_a18b2540-90e1-70f8-deb6-fc59ae3297da_topic_a3_order1_fixed.png,da_artifacts/user_a18b2540-90e1-70f8-deb6-fc59ae3297da_topic_a3_order2_fixed.png
b10b7510-d0b1-702f-66b3-3c1a07997d6d,a6,4,3,da_artifacts/user_b10b7510-d0b1-702f-66b3-3c1a07997d6d_topic_a6_order1_fixed.png,da_artifacts/user_b10b7510-d0b1-702f-66b3-3c1a07997d6d_topic_a6_order2_fixed.png
61bbc5f0-2041-7061-260b-a4d10ca29e45,a3,4,3,da_artifacts/user_61bbc5f0-2041-7061-260b-a4d10ca29e45_topic_a3_order1_fixed.png,da_artifacts/user_61bbc5f0-2041-7061-260b-a4d10ca29e45_topic_a3_order2_fixed.png
61bbc5f0-2041-7061-260b-a4d10ca29e45,a5,4,3,da_artifacts/user_61bbc5f0-2041-7061-260b-a4d10ca29e45_topic_a5_order1_fixed.png,da_artifacts/user_61bbc5f0-2041-7061-260b-a4d10ca29e45_topic_a5_order2_fixed.png
812b15e0-7001-7072-351b-af5182106bba,a1,4,3,da_artifacts/user_812b15e0-7001-7072-351b-af5182106bba_topic_a1_order1_fixed.png,da_artifacts/user_812b15e0-7001-7072-351b-af5182106bba_topic_a1_order2_fixed.png
812b15e0-7001-7072-351b-af5182106bba,a3,4,3,da_artifacts/user_812b15e0-7001-7072-351b-af5182106bba_topic_a3_order1_fixed.png,da_artifacts/user_812b15e0-7001-7072-351b-af5182106bba_topic_a3_order2_fixed.png
01ebb520-b0d1-709a-ca45-bb5b571f108f,a7,4,3,da_artifacts/user_01ebb520-b0d1-709a-ca45-bb5b571f108f_topic_a7_order1_fixed.png,da_artifacts/user_01ebb520-b0d1-709a-ca45-bb5b571f108f_topic_a7_order2_fixed.png
c16b2580-e0d1-70dd-532d-007653cefda9,a6,4,3,da_artifacts/user_c16b2580-e0d1-70dd-532d-007653cefda9_topic_a6_order1_fixed.png,da_artifacts/user_c16b2580-e0d1-70dd-532d-007653cefda9_topic_a6_order2_fixed.png
d1fb5550-1001-7057-b8f9-d17759791a6b,a3,3,2,da_artifacts/user_d1fb5550-1001-7057-b8f9-d17759791a6b_topic_a3_order1_fixed.png,da_artifacts/user_d1fb5550-1001-7057-b8f9-d17759791a6b_topic_a3_order2_fixed.png
e14bd5d0-0021-70f1-8b50-efac4033a68a,a1,3,2,da_artifacts/user_e14bd5d0-0021-70f1-8b50-efac4033a68a_topic_a1_order1_fixed.png,da_artifacts/user_e14bd5d0-0021-70f1-8b50-efac4033a68a_topic_a1_order2_fixed.png
811bc590-9011-705e-82d7-38a6c705a6c4,a6,3,2,da_artifacts/user_811bc590-9011-705e-82d7-38a6c705a6c4_topic_a6_order1_fixed.png,da_artifacts/user_811bc590-9011-705e-82d7-38a6c705a6c4_topic_a6_order2_fixed.png
218be570-f0f1-7033-b8df-1466adc57225,a4,2,0,da_artifacts/user_218be570-f0f1-7033-b8df-1466adc57225_topic_a4_order1_fixed.png,da_artifacts/user_218be570-f0f1-7033-b8df-1466adc57225_topic_a4_order2_fixed.png
d17b0530-40c1-7051-3339-0d2a5bb89823,a2,3,2,da_artifacts/user_d17b0530-40c1-7051-3339-0d2a5bb89823_topic_a2_order1_fixed.png,da_artifacts/user_d17b0530-40c1-7051-3339-0d2a5bb89823_topic_a2_order2_fixed.png
51ebb5a0-6021-7085-ff7f-676d2ac635a3,a4,3,2,da_artifacts/user_51ebb5a0-6021-7085-ff7f-676d2ac635a3_topic_a4_order1_fixed.png,da_artifacts/user_51ebb5a0-6021-7085-ff7f-676d2ac635a3_topic_a4_order2_fixed.png
51ebb5a0-6021-7085-ff7f-676d2ac635a3,a2,2,0,da_artifacts/user_51ebb5a0-6021-7085-ff7f-676d2ac635a3_topic_a2_order1_fixed.png,da_artifacts/user_51ebb5a0-6021-7085-ff7f-676d2ac635a3_topic_a2_order2_fixed.png
b17b05e0-3031-7053-8f2e-c462e449a396,a5,3,2,da_artifacts/user_b17b05e0-3031-7053-8f2e-c462e449a396_topic_a5_order1_fixed.png,da_artifacts/user_b17b05e0-3031-7053-8f2e-c462e449a396_topic_a5_order2_fixed.png
51ebb5a0-6021-7085-ff7f-676d2ac635a3,a1,3,2,da_artifacts/user_51ebb5a0-6021-7085-ff7f-676d2ac635a3_topic_a1_order1_fixed.png,da_artifacts/user_51ebb5a0-6021-7085-ff7f-676d2ac635a3_topic_a1_order2_fixed.png
e1cb9560-4091-706e-840f-87a913394f9e,a4,3,2,da_artifacts/user_e1cb9560-4091-706e-840f-87a913394f9e_topic_a4_order1_fixed.png,da_artifacts/user_e1cb9560-4091-706e-840f-87a913394f9e_topic_a4_order2_fixed.png
71cbe580-90f1-7027-51c8-f471e501854b,a1,3,2,da_artifacts/user_71cbe580-90f1-7027-51c8-f471e501854b_topic_a1_order1_fixed.png,da_artifacts/user_71cbe580-90f1-7027-51c8-f471e501854b_topic_a1_order2_fixed.png
41cb85f0-d081-708c-e151-e2b062eb0f1d,a1,3,2,da_artifacts/user_41cb85f0-d081-708c-e151-e2b062eb0f1d_topic_a1_order1_fixed.png,da_artifacts/user_41cb85f0-d081-708c-e151-e2b062eb0f1d_topic_a1_order2_fixed.png
b17b05e0-3031-7053-8f2e-c462e449a396,a2,3,2,da_artifacts/user_b17b05e0-3031-7053-8f2e-c462e449a396_topic_a2_order1_fixed.png,da_artifacts/user_b17b05e0-3031-7053-8f2e-c462e449a396_topic_a2_order2_fixed.png
a1fbd5d0-e0e1-7054-7a08-05c01f9a74b1,a2,3,2,da_artifacts/user_a1fbd5d0-e0e1-7054-7a08-05c01f9a74b1_topic_a2_order1_fixed.png,da_artifacts/user_a1fbd5d0-e0e1-7054-7a08-05c01f9a74b1_topic_a2_order2_fixed.png
21db15f0-b041-70c8-aec0-cd297c0b55ac,a3,3,2,da_artifacts/user_21db15f0-b041-70c8-aec0-cd297c0b55ac_topic_a3_order1_fixed.png,da_artifacts/user_21db15f0-b041-70c8-aec0-cd297c0b55ac_topic_a3_order2_fixed.png
d10bd540-b0a1-702b-2353-0f09ca339f59,a7,3,2,da_artifacts/user_d10bd540-b0a1-702b-2353-0f09ca339f59_topic_a7_order1_fixed.png,da_artifacts/user_d10bd540-b0a1-702b-2353-0f09ca339f59_topic_a7_order2_fixed.png
e12b2510-60e1-709a-9903-b758e497809a,a3,3,2,da_artifacts/user_e12b2510-60e1-709a-9903-b758e497809a_topic_a3_order1_fixed.png,da_artifacts/user_e12b2510-60e1-709a-9903-b758e497809a_topic_a3_order2_fixed.png
e1cb8510-60e1-709a-53ce-18a04547e565,a1,3,2,da_artifacts/user_e1cb8510-60e1-709a-53ce-18a04547e565_topic_a1_order1_fixed.png,da_artifacts/user_e1cb8510-60e1-709a-53ce-18a04547e565_topic_a1_order2_fixed.png
51abb5c0-8061-70ad-a2f4-55de1f7ca8e9,a1,3,2,da_artifacts/user_51abb5c0-8061-70ad-a2f4-55de1f7ca8e9_topic_a1_order1_fixed.png,da_artifacts/user_51abb5c0-8061-70ad-a2f4-55de1f7ca8e9_topic_a1_order2_fixed.png
e1bb25a0-d0b1-703c-dff4-aef708b16181,a2,3,2,da_artifacts/user_e1bb25a0-d0b1-703c-dff4-aef708b16181_topic_a2_order1_fixed.png,da_artifacts/user_e1bb25a0-d0b1-703c-dff4-aef708b16181_topic_a2_order2_fixed.png
d1cb95b0-3071-70d0-f547-ba55b3123783,a3,3,2,da_artifacts/user_d1cb95b0-3071-70d0-f547-ba55b3123783_topic_a3_order1_fixed.png,da_artifacts/user_d1cb95b0-3071-70d0-f547-ba55b3123783_topic_a3_order2_fixed.png
711b6580-50d1-70c7-2c33-364aab9519a1,a6,3,2,da_artifacts/user_711b6580-50d1-70c7-2c33-364aab9519a1_topic_a6_order1_fixed.png,da_artifacts/user_711b6580-50d1-70c7-2c33-364aab9519a1_topic_a6_order2_fixed.png
116b0520-f0b1-70d5-0575-61162dd862fd,a4,3,2,da_artifacts/user_116b0520-f0b1-70d5-0575-61162dd862fd_topic_a4_order1_fixed.png,da_artifacts/user_116b0520-f0b1-70d5-0575-61162dd862fd_topic_a4_order2_fixed.png
c1ab95b0-80d1-7047-e0fd-cf25383a25c1,a2,3,2,da_artifacts/user_c1ab95b0-80d1-7047-e0fd-cf25383a25c1_topic_a2_order1_fixed.png,da_artifacts/user_c1ab95b0-80d1-7047-e0fd-cf25383a25c1_topic_a2_order2_fixed.png
31fbe520-0061-70e7-7783-8fdc38bd09fd,a7,3,2,da_artifacts/user_31fbe520-0061-70e7-7783-8fdc38bd09fd_topic_a7_order1_fixed.png,da_artifacts/user_31fbe520-0061-70e7-7783-8fdc38bd09fd_topic_a7_order2_fixed.png
61eb0590-9001-70e9-9ded-e189346bd845,a3,3,2,da_artifacts/user_61eb0590-9001-70e9-9ded-e189346bd845_topic_a3_order1_fixed.png,da_artifacts/user_61eb0590-9001-70e9-9ded-e189346bd845_topic_a3_order2_fixed.png
315b9550-4081-7033-4f93-fe2be67cdfcc,a2,3,2,da_artifacts/user_315b9550-4081-7033-4f93-fe2be67cdfcc_topic_a2_order1_fixed.png,da_artifacts/user_315b9550-4081-7033-4f93-fe2be67cdfcc_topic_a2_order2_fixed.png
c17bf5d0-5091-70a9-0d1d-8fbc31f9c224,a5,2,0,da_artifacts/user_c17bf5d0-5091-70a9-0d1d-8fbc31f9c224_topic_a5_order1_fixed.png,da_artifacts/user_c17bf5d0-5091-70a9-0d1d-8fbc31f9c224_topic_a5_order2_fixed.png
c1ab6550-a0a1-7068-381c-46a9e01d4df5,a4,3,2,da_artifacts/user_c1ab6550-a0a1-7068-381c-46a9e01d4df5_topic_a4_order1_fixed.png,da_artifacts/user_c1ab6550-a0a1-7068-381c-46a9e01d4df5_topic_a4_order2_fixed.png
410b95f0-5061-701c-4a3c-9930963ae77f,a6,3,2,da_artifacts/user_410b95f0-5061-701c-4a3c-9930963ae77f_topic_a6_order1_fixed.png,da_artifacts/user_410b95f0-5061-701c-4a3c-9930963ae77f_topic_a6_order2_fixed.png
91eb4560-80d1-706f-3e42-8631c8034d21,a4,3,2,da_artifacts/user_91eb4560-80d1-706f-3e42-8631c8034d21_topic_a4_order1_fixed.png,da_artifacts/user_91eb4560-80d1-706f-3e42-8631c8034d21_topic_a4_order2_fixed.png
012b8580-9011-70e5-0aa0-480c3bb39caa,a5,2,0,da_artifacts/user_012b8580-9011-70e5-0aa0-480c3bb39caa_topic_a5_order1_fixed.png,da_artifacts/user_012b8580-9011-70e5-0aa0-480c3bb39caa_topic_a5_order2_fixed.png
919be590-7081-7003-3cef-906e621826ff,a6,3,2,da_artifacts/user_919be590-7081-7003-3cef-906e621826ff_topic_a6_order1_fixed.png,da_artifacts/user_919be590-7081-7003-3cef-906e621826ff_topic_a6_order2_fixed.png
91eb4560-80d1-706f-3e42-8631c8034d21,a7,3,2,da_artifacts/user_91eb4560-80d1-706f-3e42-8631c8034d21_topic_a7_order1_fixed.png,da_artifacts/user_91eb4560-80d1-706f-3e42-8631c8034d21_topic_a7_order2_fixed.png
91fb2530-b051-70f2-9bbb-1733c381bfbc,a5,3,2,da_artifacts/user_91fb2530-b051-70f2-9bbb-1733c381bfbc_topic_a5_order1_fixed.png,da_artifacts/user_91fb2530-b051-70f2-9bbb-1733c381bfbc_topic_a5_order2_fixed.png
113ba590-f051-7017-0685-470ebc1c654d,a4,3,2,da_artifacts/user_113ba590-f051-7017-0685-470ebc1c654d_topic_a4_order1_fixed.png,da_artifacts/user_113ba590-f051-7017-0685-470ebc1c654d_topic_a4_order2_fixed.png
c14bf560-2021-705a-7bb3-97ad9cbde502,a3,2,0,da_artifacts/user_c14bf560-2021-705a-7bb3-97ad9cbde502_topic_a3_order1_fixed.png,da_artifacts/user_c14bf560-2021-705a-7bb3-97ad9cbde502_topic_a3_order2_fixed.png
c11bd560-50c1-70ac-8129-15966669f4ae,a7,3,2,da_artifacts/user_c11bd560-50c1-70ac-8129-15966669f4ae_topic_a7_order1_fixed.png,da_artifacts/user_c11bd560-50c1-70ac-8129-15966669f4ae_topic_a7_order2_fixed.png
216bd550-9081-7098-93e3-10b74373ebe6,a1,3,2,da_artifacts/user_216bd550-9081-7098-93e3-10b74373ebe6_topic_a1_order1_fixed.png,da_artifacts/user_216bd550-9081-7098-93e3-10b74373ebe6_topic_a1_order2_fixed.png
912bd5e0-5061-7098-cb02-8d6eae25468c,a2,3,2,da_artifacts/user_912bd5e0-5061-7098-cb02-8d6eae25468c_topic_a2_order1_fixed.png,da_artifacts/user_912bd5e0-5061-7098-cb02-8d6eae25468c_topic_a2_order2_fixed.png
415b45e0-c021-70ec-1015-5db26e8e37a8,a3,3,2,da_artifacts/user_415b45e0-c021-70ec-1015-5db26e8e37a8_topic_a3_order1_fixed.png,da_artifacts/user_415b45e0-c021-70ec-1015-5db26e8e37a8_topic_a3_order2_fixed.png
911b1530-f081-70c6-8ba9-81ba9defa173,a6,3,2,da_artifacts/user_911b1530-f081-70c6-8ba9-81ba9defa173_topic_a6_order1_fixed.png,da_artifacts/user_911b1530-f081-70c6-8ba9-81ba9defa173_topic_a6_order2_fixed.png
411bd580-f051-7091-c64b-39f944fda7b6,a3,3,2,da_artifacts/user_411bd580-f051-7091-c64b-39f944fda7b6_topic_a3_order1_fixed.png,da_artifacts/user_411bd580-f051-7091-c64b-39f944fda7b6_topic_a3_order2_fixed.png
91bbe500-b011-7005-c471-0da2f8815108,a5,3,2,da_artifacts/user_91bbe500-b011-7005-c471-0da2f8815108_topic_a5_order1_fixed.png,da_artifacts/user_91bbe500-b011-7005-c471-0da2f8815108_topic_a5_order2_fixed.png
c17be530-0011-7066-b860-92d133614a57,a7,3,2,da_artifacts/user_c17be530-0011-7066-b860-92d133614a57_topic_a7_order1_fixed.png,da_artifacts/user_c17be530-0011-7066-b860-92d133614a57_topic_a7_order2_fixed.png
f1cba540-a0d1-70b2-f94d-ddac74add408,a3,2,1,da_artifacts/user_f1cba540-a0d1-70b2-f94d-ddac74add408_topic_a3_order1_fixed.png,da_artifacts/user_f1cba540-a0d1-70b2-f94d-ddac74add408_topic_a3_order2_fixed.png
211b0520-f0e1-7015-0094-4310c79ba2e6,a1,2,1,da_artifacts/user_211b0520-f0e1-7015-0094-4310c79ba2e6_topic_a1_order1_fixed.png,da_artifacts/user_211b0520-f0e1-7015-0094-4310c79ba2e6_topic_a1_order2_fixed.png
91bbe500-b011-7005-c471-0da2f8815108,a1,2,1,da_artifacts/user_91bbe500-b011-7005-c471-0da2f8815108_topic_a1_order1_fixed.png,da_artifacts/user_91bbe500-b011-7005-c471-0da2f8815108_topic_a1_order2_fixed.png
91ab25a0-f051-70ce-9d29-ac0649a68c53,a7,2,1,da_artifacts/user_91ab25a0-f051-70ce-9d29-ac0649a68c53_topic_a7_order1_fixed.png,da_artifacts/user_91ab25a0-f051-70ce-9d29-ac0649a68c53_topic_a7_order2_fixed.png
91ab45a0-6011-7078-f1e9-b3a94075f7b7,a2,2,1,da_artifacts/user_91ab45a0-6011-7078-f1e9-b3a94075f7b7_topic_a2_order1_fixed.png,da_artifacts/user_91ab45a0-6011-7078-f1e9-b3a94075f7b7_topic_a2_order2_fixed.png
21bb9560-e091-7093-48ce-07076388c6c5,a6,2,1,da_artifacts/user_21bb9560-e091-7093-48ce-07076388c6c5_topic_a6_order1_fixed.png,da_artifacts/user_21bb9560-e091-7093-48ce-07076388c6c5_topic_a6_order2_fixed.png
315b9550-4081-7033-4f93-fe2be67cdfcc,a6,2,1,da_artifacts/user_315b9550-4081-7033-4f93-fe2be67cdfcc_topic_a6_order1_fixed.png,da_artifacts/user_315b9550-4081-7033-4f93-fe2be67cdfcc_topic_a6_order2_fixed.png
510bd5a0-3041-7058-e2cf-5c09d3db1009,a3,2,1,da_artifacts/user_510bd5a0-3041-7058-e2cf-5c09d3db1009_topic_a3_order1_fixed.png,da_artifacts/user_510bd5a0-3041-7058-e2cf-5c09d3db1009_topic_a3_order2_fixed.png
016b65a0-90b1-703c-a8e3-caf440f1860a,a3,2,1,da_artifacts/user_016b65a0-90b1-703c-a8e3-caf440f1860a_topic_a3_order1_fixed.png,da_artifacts/user_016b65a0-90b1-703c-a8e3-caf440f1860a_topic_a3_order2_fixed.png
a1fb3570-f021-705f-6d23-353ec8617ab4,a7,2,1,da_artifacts/user_a1fb3570-f021-705f-6d23-353ec8617ab4_topic_a7_order1_fixed.png,da_artifacts/user_a1fb3570-f021-705f-6d23-353ec8617ab4_topic_a7_order2_fixed.png
91ab25a0-f051-70ce-9d29-ac0649a68c53,a1,2,1,da_artifacts/user_91ab25a0-f051-70ce-9d29-ac0649a68c53_topic_a1_order1_fixed.png,da_artifacts/user_91ab25a0-f051-70ce-9d29-ac0649a68c53_topic_a1_order2_fixed.png
415b45e0-c021-70ec-1015-5db26e8e37a8,a6,2,1,da_artifacts/user_415b45e0-c021-70ec-1015-5db26e8e37a8_topic_a6_order1_fixed.png,da_artifacts/user_415b45e0-c021-70ec-1015-5db26e8e37a8_topic_a6_order2_fixed.png
a1ebb500-9081-70a6-c0d9-6fc5a9b63b7d,a7,2,1,da_artifacts/user_a1ebb500-9081-70a6-c0d9-6fc5a9b63b7d_topic_a7_order1_fixed.png,da_artifacts/user_a1ebb500-9081-70a6-c0d9-6fc5a9b63b7d_topic_a7_order2_fixed.png
11cb7520-40f1-70ca-46b8-915a77bae7de,a7,2,1,da_artifacts/user_11cb7520-40f1-70ca-46b8-915a77bae7de_topic_a7_order1_fixed.png,da_artifacts/user_11cb7520-40f1-70ca-46b8-915a77bae7de_topic_a7_order2_fixed.png
f11bd590-d0f1-70a8-f80a-d8522e3d0cd6,a7,2,1,da_artifacts/user_f11bd590-d0f1-70a8-f80a-d8522e3d0cd6_topic_a7_order1_fixed.png,da_artifacts/user_f11bd590-d0f1-70a8-f80a-d8522e3d0cd6_topic_a7_order2_fixed.png
217b8540-6011-7086-a648-de542f534c22,a1,2,1,da_artifacts/user_217b8540-6011-7086-a648-de542f534c22_topic_a1_order1_fixed.png,da_artifacts/user_217b8540-6011-7086-a648-de542f534c22_topic_a1_order2_fixed.png
218be570-f0f1-7033-b8df-1466adc57225,a5,2,1,da_artifacts/user_218be570-f0f1-7033-b8df-1466adc57225_topic_a5_order1_fixed.png,da_artifacts/user_218be570-f0f1-7033-b8df-1466adc57225_topic_a5_order2_fixed.png
911b55d0-a0f1-70ac-25c2-07f9eaa08392,a3,2,1,da_artifacts/user_911b55d0-a0f1-70ac-25c2-07f9eaa08392_topic_a3_order1_fixed.png,da_artifacts/user_911b55d0-a0f1-70ac-25c2-07f9eaa08392_topic_a3_order2_fixed.png
410bf580-d041-70ad-e668-e60717bb3b98,a6,2,1,da_artifacts/user_410bf580-d041-70ad-e668-e60717bb3b98_topic_a6_order1_fixed.png,da_artifacts/user_410bf580-d041-70ad-e668-e60717bb3b98_topic_a6_order2_fixed.png
410bf580-d041-70ad-e668-e60717bb3b98,a5,2,1,da_artifacts/user_410bf580-d041-70ad-e668-e60717bb3b98_topic_a5_order1_fixed.png,da_artifacts/user_410bf580-d041-70ad-e668-e60717bb3b98_topic_a5_order2_fixed.png
415b55a0-10a1-704e-fbb1-94f533c8040b,a6,2,1,da_artifacts/user_415b55a0-10a1-704e-fbb1-94f533c8040b_topic_a6_order1_fixed.png,da_artifacts/user_415b55a0-10a1-704e-fbb1-94f533c8040b_topic_a6_order2_fixed.png
a1ebb500-9081-70a6-c0d9-6fc5a9b63b7d,a6,2,1,da_artifacts/user_a1ebb500-9081-70a6-c0d9-6fc5a9b63b7d_topic_a6_order1_fixed.png,da_artifacts/user_a1ebb500-9081-70a6-c0d9-6fc5a9b63b7d_topic_a6_order2_fixed.png
21bb9560-e091-7093-48ce-07076388c6c5,a3,2,1,da_artifacts/user_21bb9560-e091-7093-48ce-07076388c6c5_topic_a3_order1_fixed.png,da_artifacts/user_21bb9560-e091-7093-48ce-07076388c6c5_topic_a3_order2_fixed.png
e1ebc590-7061-70e7-0b53-19e34682613b,a1,2,1,da_artifacts/user_e1ebc590-7061-70e7-0b53-19e34682613b_topic_a1_order1_fixed.png,da_artifacts/user_e1ebc590-7061-70e7-0b53-19e34682613b_topic_a1_order2_fixed.png
81bb0570-e0e1-70e9-3e09-b26d835387b4,a1,2,1,da_artifacts/user_81bb0570-e0e1-70e9-3e09-b26d835387b4_topic_a1_order1_fixed.png,da_artifacts/user_81bb0570-e0e1-70e9-3e09-b26d835387b4_topic_a1_order2_fixed.png
415b55a0-10a1-704e-fbb1-94f533c8040b,a1,2,1,da_artifacts/user_415b55a0-10a1-704e-fbb1-94f533c8040b_topic_a1_order1_fixed.png,da_artifacts/user_415b55a0-10a1-704e-fbb1-94f533c8040b_topic_a1_order2_fixed.png
a1eba540-c0b1-7047-0613-98a1815ad2ae,a5,2,1,da_artifacts/user_a1eba540-c0b1-7047-0613-98a1815ad2ae_topic_a5_order1_fixed.png,da_artifacts/user_a1eba540-c0b1-7047-0613-98a1815ad2ae_topic_a5_order2_fixed.png
e1bb25a0-d0b1-703c-dff4-aef708b16181,a3,2,1,da_artifacts/user_e1bb25a0-d0b1-703c-dff4-aef708b16181_topic_a3_order1_fixed.png,da_artifacts/user_e1bb25a0-d0b1-703c-dff4-aef708b16181_topic_a3_order2_fixed.png
91eb4560-80d1-706f-3e42-8631c8034d21,a3,2,1,da_artifacts/user_91eb4560-80d1-706f-3e42-8631c8034d21_topic_a3_order1_fixed.png,da_artifacts/user_91eb4560-80d1-706f-3e42-8631c8034d21_topic_a3_order2_fixed.png
a18b2540-90e1-70f8-deb6-fc59ae3297da,a6,2,1,da_artifacts/user_a18b2540-90e1-70f8-deb6-fc59ae3297da_topic_a6_order1_fixed.png,da_artifacts/user_a18b2540-90e1-70f8-deb6-fc59ae3297da_topic_a6_order2_fixed.png
113bc5a0-00c1-70a8-1558-53c8f78b1a99,a2,2,1,da_artifacts/user_113bc5a0-00c1-70a8-1558-53c8f78b1a99_topic_a2_order1_fixed.png,da_artifacts/user_113bc5a0-00c1-70a8-1558-53c8f78b1a99_topic_a2_order2_fixed.png
71db5530-00e1-709f-0e88-2c9a19f8dc8b,a1,2,1,da_artifacts/user_71db5530-00e1-709f-0e88-2c9a19f8dc8b_topic_a1_order1_fixed.png,da_artifacts/user_71db5530-00e1-709f-0e88-2c9a19f8dc8b_topic_a1_order2_fixed.png
51ebb5a0-6021-7085-ff7f-676d2ac635a3,a3,2,1,da_artifacts/user_51ebb5a0-6021-7085-ff7f-676d2ac635a3_topic_a3_order1_fixed.png,da_artifacts/user_51ebb5a0-6021-7085-ff7f-676d2ac635a3_topic_a3_order2_fixed.png
312b35d0-2051-7020-d5a8-cf5e4a3d2b40,a2,2,1,da_artifacts/user_312b35d0-2051-7020-d5a8-cf5e4a3d2b40_topic_a2_order1_fixed.png,da_artifacts/user_312b35d0-2051-7020-d5a8-cf5e4a3d2b40_topic_a2_order2_fixed.png
d1fb5550-1001-7057-b8f9-d17759791a6b,a1,2,1,da_artifacts/user_d1fb5550-1001-7057-b8f9-d17759791a6b_topic_a1_order1_fixed.png,da_artifacts/user_d1fb5550-1001-7057-b8f9-d17759791a6b_topic_a1_order2_fixed.png
618b3510-8031-705d-7448-12d2783e3064,a6,2,1,da_artifacts/user_618b3510-8031-705d-7448-12d2783e3064_topic_a6_order1_fixed.png,da_artifacts/user_618b3510-8031-705d-7448-12d2783e3064_topic_a6_order2_fixed.png
c11b2520-70e1-70c8-4f5c-e637ca6a861c,a4,2,1,da_artifacts/user_c11b2520-70e1-70c8-4f5c-e637ca6a861c_topic_a4_order1_fixed.png,da_artifacts/user_c11b2520-70e1-70c8-4f5c-e637ca6a861c_topic_a4_order2_fixed.png
d17b0530-40c1-7051-3339-0d2a5bb89823,a1,2,1,da_artifacts/user_d17b0530-40c1-7051-3339-0d2a5bb89823_topic_a1_order1_fixed.png,da_artifacts/user_d17b0530-40c1-7051-3339-0d2a5bb89823_topic_a1_order2_fixed.png
c11b2520-70e1-70c8-4f5c-e637ca6a861c,a2,2,1,da_artifacts/user_c11b2520-70e1-70c8-4f5c-e637ca6a861c_topic_a2_order1_fixed.png,da_artifacts/user_c11b2520-70e1-70c8-4f5c-e637ca6a861c_topic_a2_order2_fixed.png
310bd5d0-6061-7098-d41e-41b982248427,a7,2,1,da_artifacts/user_310bd5d0-6061-7098-d41e-41b982248427_topic_a7_order1_fixed.png,da_artifacts/user_310bd5d0-6061-7098-d41e-41b982248427_topic_a7_order2_fixed.png
71db5530-00e1-709f-0e88-2c9a19f8dc8b,a3,2,1,da_artifacts/user_71db5530-00e1-709f-0e88-2c9a19f8dc8b_topic_a3_order1_fixed.png,da_artifacts/user_71db5530-00e1-709f-0e88-2c9a19f8dc8b_topic_a3_order2_fixed.png
311b2590-2041-700f-ce56-3226dd4728d9,a4,2,1,da_artifacts/user_311b2590-2041-700f-ce56-3226dd4728d9_topic_a4_order1_fixed.png,da_artifacts/user_311b2590-2041-700f-ce56-3226dd4728d9_topic_a4_order2_fixed.png
c1fbd5c0-a001-70fd-355d-eb03b3584e47,a3,2,1,da_artifacts/user_c1fbd5c0-a001-70fd-355d-eb03b3584e47_topic_a3_order1_fixed.png,da_artifacts/user_c1fbd5c0-a001-70fd-355d-eb03b3584e47_topic_a3_order2_fixed.png
c15ba5f0-4051-708c-e082-cb7682fd01b2,a2,2,1,da_artifacts/user_c15ba5f0-4051-708c-e082-cb7682fd01b2_topic_a2_order1_fixed.png,da_artifacts/user_c15ba5f0-4051-708c-e082-cb7682fd01b2_topic_a2_order2_fixed.png
b17b05e0-3031-7053-8f2e-c462e449a396,a3,2,1,da_artifacts/user_b17b05e0-3031-7053-8f2e-c462e449a396_topic_a3_order1_fixed.png,da_artifacts/user_b17b05e0-3031-7053-8f2e-c462e449a396_topic_a3_order2_fixed.png
c10ba560-5051-7080-335e-1e8aaac1f227,a6,2,1,da_artifacts/user_c10ba560-5051-7080-335e-1e8aaac1f227_topic_a6_order1_fixed.png,da_artifacts/user_c10ba560-5051-7080-335e-1e8aaac1f227_topic_a6_order2_fixed.png
c16b0500-b021-70a6-5bdc-2c3e5e0472c6,a3,2,1,da_artifacts/user_c16b0500-b021-70a6-5bdc-2c3e5e0472c6_topic_a3_order1_fixed.png,da_artifacts/user_c16b0500-b021-70a6-5bdc-2c3e5e0472c6_topic_a3_order2_fixed.png
c16b2580-e0d1-70dd-532d-007653cefda9,a5,2,1,da_artifacts/user_c16b2580-e0d1-70dd-532d-007653cefda9_topic_a5_order1_fixed.png,da_artifacts/user_c16b2580-e0d1-70dd-532d-007653cefda9_topic_a5_order2_fixed.png
d1cb95b0-3071-70d0-f547-ba55b3123783,a1,2,1,da_artifacts/user_d1cb95b0-3071-70d0-f547-ba55b3123783_topic_a1_order1_fixed.png,da_artifacts/user_d1cb95b0-3071-70d0-f547-ba55b3123783_topic_a1_order2_fixed.png
61dba5f0-00f1-7082-7b9c-b35054207615,a2,2,1,da_artifacts/user_61dba5f0-00f1-7082-7b9c-b35054207615_topic_a2_order1_fixed.png,da_artifacts/user_61dba5f0-00f1-7082-7b9c-b35054207615_topic_a2_order2_fixed.png
d17b6520-5071-7048-0b67-edd7ac9f9e44,a3,2,1,da_artifacts/user_d17b6520-5071-7048-0b67-edd7ac9f9e44_topic_a3_order1_fixed.png,da_artifacts/user_d17b6520-5071-7048-0b67-edd7ac9f9e44_topic_a3_order2_fixed.png
c1fbd5c0-a001-70fd-355d-eb03b3584e47,a5,2,1,da_artifacts/user_c1fbd5c0-a001-70fd-355d-eb03b3584e47_topic_a5_order1_fixed.png,da_artifacts/user_c1fbd5c0-a001-70fd-355d-eb03b3584e47_topic_a5_order2_fixed.png
61bbc5f0-2041-7061-260b-a4d10ca29e45,a1,2,1,da_artifacts/user_61bbc5f0-2041-7061-260b-a4d10ca29e45_topic_a1_order1_fixed.png,da_artifacts/user_61bbc5f0-2041-7061-260b-a4d10ca29e45_topic_a1_order2_fixed.png
019be580-4061-7075-debb-ffd77dc8ca40,a3,2,1,da_artifacts/user_019be580-4061-7075-debb-ffd77dc8ca40_topic_a3_order1_fixed.png,da_artifacts/user_019be580-4061-7075-debb-ffd77dc8ca40_topic_a3_order2_fixed.png
019be580-4061-7075-debb-ffd77dc8ca40,a2,2,1,da_artifacts/user_019be580-4061-7075-debb-ffd77dc8ca40_topic_a2_order1_fixed.png,da_artifacts/user_019be580-4061-7075-debb-ffd77dc8ca40_topic_a2_order2_fixed.png
e14bd5c0-2091-70a1-3e0d-252a10bc1372,a1,2,1,da_artifacts/user_e14bd5c0-2091-70a1-3e0d-252a10bc1372_topic_a1_order1_fixed.png,da_artifacts/user_e14bd5c0-2091-70a1-3e0d-252a10bc1372_topic_a1_order2_fixed.png
c1abe560-20f1-70dc-393f-5a083011e23f,a5,2,1,da_artifacts/user_c1abe560-20f1-70dc-393f-5a083011e23f_topic_a5_order1_fixed.png,da_artifacts/user_c1abe560-20f1-70dc-393f-5a083011e23f_topic_a5_order2_fixed.png
410bf580-d041-70ad-e668-e60717bb3b98,a4,1,0,da_artifacts/user_410bf580-d041-70ad-e668-e60717bb3b98_topic_a4_order1_fixed.png,da_artifacts/user_410bf580-d041-70ad-e668-e60717bb3b98_topic_a4_order2_fixed.png
f14be5c0-d081-70bb-548b-5d9ea05cc289,a6,1,0,da_artifacts/user_f14be5c0-d081-70bb-548b-5d9ea05cc289_topic_a6_order1_fixed.png,da_artifacts/user_f14be5c0-d081-70bb-548b-5d9ea05cc289_topic_a6_order2_fixed.png
e14bd5c0-2091-70a1-3e0d-252a10bc1372,a3,1,0,da_artifacts/user_e14bd5c0-2091-70a1-3e0d-252a10bc1372_topic_a3_order1_fixed.png,da_artifacts/user_e14bd5c0-2091-70a1-3e0d-252a10bc1372_topic_a3_order2_fixed.png
917bc500-1061-70c3-4dd4-f053938b1826,a2,1,0,da_artifacts/user_917bc500-1061-70c3-4dd4-f053938b1826_topic_a2_order1_fixed.png,da_artifacts/user_917bc500-1061-70c3-4dd4-f053938b1826_topic_a2_order2_fixed.png
912bd5e0-5061-7098-cb02-8d6eae25468c,a6,1,0,da_artifacts/user_912bd5e0-5061-7098-cb02-8d6eae25468c_topic_a6_order1_fixed.png,da_artifacts/user_912bd5e0-5061-7098-cb02-8d6eae25468c_topic_a6_order2_fixed.png
c11b2520-70e1-70c8-4f5c-e637ca6a861c,a3,1,0,da_artifacts/user_c11b2520-70e1-70c8-4f5c-e637ca6a861c_topic_a3_order1_fixed.png,da_artifacts/user_c11b2520-70e1-70c8-4f5c-e637ca6a861c_topic_a3_order2_fixed.png
313b35f0-a0f1-70ff-7490-f9e5e8fea858,a1,1,0,da_artifacts/user_313b35f0-a0f1-70ff-7490-f9e5e8fea858_topic_a1_order1_fixed.png,da_artifacts/user_313b35f0-a0f1-70ff-7490-f9e5e8fea858_topic_a1_order2_fixed.png
411bd580-f051-7091-c64b-39f944fda7b6,a5,1,0,da_artifacts/user_411bd580-f051-7091-c64b-39f944fda7b6_topic_a5_order1_fixed.png,da_artifacts/user_411bd580-f051-7091-c64b-39f944fda7b6_topic_a5_order2_fixed.png
c10ba560-5051-7080-335e-1e8aaac1f227,a7,1,0,da_artifacts/user_c10ba560-5051-7080-335e-1e8aaac1f227_topic_a7_order1_fixed.png,da_artifacts/user_c10ba560-5051-7080-335e-1e8aaac1f227_topic_a7_order2_fixed.png
f14b7530-60e1-704a-f8d5-4855523e6d94,a1,1,0,da_artifacts/user_f14b7530-60e1-704a-f8d5-4855523e6d94_topic_a1_order1_fixed.png,da_artifacts/user_f14b7530-60e1-704a-f8d5-4855523e6d94_topic_a1_order2_fixed.png
411bd580-f051-7091-c64b-39f944fda7b6,a1,1,0,da_artifacts/user_411bd580-f051-7091-c64b-39f944fda7b6_topic_a1_order1_fixed.png,da_artifacts/user_411bd580-f051-7091-c64b-39f944fda7b6_topic_a1_order2_fixed.png
618b3510-8031-705d-7448-12d2783e3064,a2,1,0,da_artifacts/user_618b3510-8031-705d-7448-12d2783e3064_topic_a2_order1_fixed.png,da_artifacts/user_618b3510-8031-705d-7448-12d2783e3064_topic_a2_order2_fixed.png
11dbd5f0-80a1-7076-d1aa-848948d336e3,a3,1,0,da_artifacts/user_11dbd5f0-80a1-7076-d1aa-848948d336e3_topic_a3_order1_fixed.png,da_artifacts/user_11dbd5f0-80a1-7076-d1aa-848948d336e3_topic_a3_order2_fixed.png
410b95f0-5061-701c-4a3c-9930963ae77f,a1,1,0,da_artifacts/user_410b95f0-5061-701c-4a3c-9930963ae77f_topic_a1_order1_fixed.png,da_artifacts/user_410b95f0-5061-701c-4a3c-9930963ae77f_topic_a1_order2_fixed.png
c17b75e0-00a1-7042-14cc-ebf9cec71595,a1,1,0,da_artifacts/user_c17b75e0-00a1-7042-14cc-ebf9cec71595_topic_a1_order1_fixed.png,da_artifacts/user_c17b75e0-00a1-7042-14cc-ebf9cec71595_topic_a1_order2_fixed.png
210bd5c0-70d1-7070-b076-8b8ae197fb56,a7,1,0,da_artifacts/user_210bd5c0-70d1-7070-b076-8b8ae197fb56_topic_a7_order1_fixed.png,da_artifacts/user_210bd5c0-70d1-7070-b076-8b8ae197fb56_topic_a7_order2_fixed.png
31db5580-10e1-70d5-9f5c-004b166ac03c,a1,1,0,da_artifacts/user_31db5580-10e1-70d5-9f5c-004b166ac03c_topic_a1_order1_fixed.png,da_artifacts/user_31db5580-10e1-70d5-9f5c-004b166ac03c_topic_a1_order2_fixed.png
c15ba5f0-4051-708c-e082-cb7682fd01b2,a4,1,0,da_artifacts/user_c15ba5f0-4051-708c-e082-cb7682fd01b2_topic_a4_order1_fixed.png,da_artifacts/user_c15ba5f0-4051-708c-e082-cb7682fd01b2_topic_a4_order2_fixed.png
31fbe520-0061-70e7-7783-8fdc38bd09fd,a1,1,0,da_artifacts/user_31fbe520-0061-70e7-7783-8fdc38bd09fd_topic_a1_order1_fixed.png,da_artifacts/user_31fbe520-0061-70e7-7783-8fdc38bd09fd_topic_a1_order2_fixed.png
61eb0590-9001-70e9-9ded-e189346bd845,a1,1,0,da_artifacts/user_61eb0590-9001-70e9-9ded-e189346bd845_topic_a1_order1_fixed.png,da_artifacts/user_61eb0590-9001-70e9-9ded-e189346bd845_topic_a1_order2_fixed.png
619bf560-4021-7015-9155-f148328587b8,a1,1,0,da_artifacts/user_619bf560-4021-7015-9155-f148328587b8_topic_a1_order1_fixed.png,da_artifacts/user_619bf560-4021-7015-9155-f148328587b8_topic_a1_order2_fixed.png
91eb4560-80d1-706f-3e42-8631c8034d21,a1,1,0,da_artifacts/user_91eb4560-80d1-706f-3e42-8631c8034d21_topic_a1_order1_fixed.png,da_artifacts/user_91eb4560-80d1-706f-3e42-8631c8034d21_topic_a1_order2_fixed.png
c1ab6550-a0a1-7068-381c-46a9e01d4df5,a2,1,0,da_artifacts/user_c1ab6550-a0a1-7068-381c-46a9e01d4df5_topic_a2_order1_fixed.png,da_artifacts/user_c1ab6550-a0a1-7068-381c-46a9e01d4df5_topic_a2_order2_fixed.png
c1ab95b0-80d1-7047-e0fd-cf25383a25c1,a7,1,0,da_artifacts/user_c1ab95b0-80d1-7047-e0fd-cf25383a25c1_topic_a7_order1_fixed.png,da_artifacts/user_c1ab95b0-80d1-7047-e0fd-cf25383a25c1_topic_a7_order2_fixed.png
91eb4560-80d1-706f-3e42-8631c8034d21,a2,1,0,da_artifacts/user_91eb4560-80d1-706f-3e42-8631c8034d21_topic_a2_order1_fixed.png,da_artifacts/user_91eb4560-80d1-706f-3e42-8631c8034d21_topic_a2_order2_fixed.png
012b8580-9011-70e5-0aa0-480c3bb39caa,a2,1,0,da_artifacts/user_012b8580-9011-70e5-0aa0-480c3bb39caa_topic_a2_order1_fixed.png,da_artifacts/user_012b8580-9011-70e5-0aa0-480c3bb39caa_topic_a2_order2_fixed.png
618b3510-8031-705d-7448-12d2783e3064,a3,1,0,da_artifacts/user_618b3510-8031-705d-7448-12d2783e3064_topic_a3_order1_fixed.png,da_artifacts/user_618b3510-8031-705d-7448-12d2783e3064_topic_a3_order2_fixed.png
c1ab8590-4021-709d-24e8-65c1ff2dac53,a1,1,0,da_artifacts/user_c1ab8590-4021-709d-24e8-65c1ff2dac53_topic_a1_order1_fixed.png,da_artifacts/user_c1ab8590-4021-709d-24e8-65c1ff2dac53_topic_a1_order2_fixed.png
a18b2540-90e1-70f8-deb6-fc59ae3297da,a1,1,0,da_artifacts/user_a18b2540-90e1-70f8-deb6-fc59ae3297da_topic_a1_order1_fixed.png,da_artifacts/user_a18b2540-90e1-70f8-deb6-fc59ae3297da_topic_a1_order2_fixed.png
91fb2530-b051-70f2-9bbb-1733c381bfbc,a1,1,0,da_artifacts/user_91fb2530-b051-70f2-9bbb-1733c381bfbc_topic_a1_order1_fixed.png,da_artifacts/user_91fb2530-b051-70f2-9bbb-1733c381bfbc_topic_a1_order2_fixed.png
311bb5b0-8031-704a-d26b-1a35da2044f9,a6,1,0,da_artifacts/user_311bb5b0-8031-704a-d26b-1a35da2044f9_topic_a6_order1_fixed.png,da_artifacts/user_311bb5b0-8031-704a-d26b-1a35da2044f9_topic_a6_order2_fixed.png
f16b2520-6021-70ee-b980-7a50d804795d,a1,1,0,da_artifacts/user_f16b2520-6021-70ee-b980-7a50d804795d_topic_a1_order1_fixed.png,da_artifacts/user_f16b2520-6021-70ee-b980-7a50d804795d_topic_a1_order2_fixed.png
217b8540-6011-7086-a648-de542f534c22,a2,1,0,da_artifacts/user_217b8540-6011-7086-a648-de542f534c22_topic_a2_order1_fixed.png,da_artifacts/user_217b8540-6011-7086-a648-de542f534c22_topic_a2_order2_fixed.png
31ab1560-b091-7055-7307-da7f622a0e6b,a6,1,0,da_artifacts/user_31ab1560-b091-7055-7307-da7f622a0e6b_topic_a6_order1_fixed.png,da_artifacts/user_31ab1560-b091-7055-7307-da7f622a0e6b_topic_a6_order2_fixed.png
014b6540-3041-705c-365b-d2029fb91b21,a7,1,0,da_artifacts/user_014b6540-3041-705c-365b-d2029fb91b21_topic_a7_order1_fixed.png,da_artifacts/user_014b6540-3041-705c-365b-d2029fb91b21_topic_a7_order2_fixed.png
b17b05e0-3031-7053-8f2e-c462e449a396,a6,1,0,da_artifacts/user_b17b05e0-3031-7053-8f2e-c462e449a396_topic_a6_order1_fixed.png,da_artifacts/user_b17b05e0-3031-7053-8f2e-c462e449a396_topic_a6_order2_fixed.png
21bb9560-e091-7093-48ce-07076388c6c5,a5,1,0,da_artifacts/user_21bb9560-e091-7093-48ce-07076388c6c5_topic_a5_order1_fixed.png,da_artifacts/user_21bb9560-e091-7093-48ce-07076388c6c5_topic_a5_order2_fixed.png
a1ebb500-9081-70a6-c0d9-6fc5a9b63b7d,a2,1,0,da_artifacts/user_a1ebb500-9081-70a6-c0d9-6fc5a9b63b7d_topic_a2_order1_fixed.png,da_artifacts/user_a1ebb500-9081-70a6-c0d9-6fc5a9b63b7d_topic_a2_order2_fixed.png
e18b6520-b0e1-70b8-ec64-a69aa95d052f,a6,1,0,da_artifacts/user_e18b6520-b0e1-70b8-ec64-a69aa95d052f_topic_a6_order1_fixed.png,da_artifacts/user_e18b6520-b0e1-70b8-ec64-a69aa95d052f_topic_a6_order2_fixed.png
b19ba550-c0d1-706b-5b31-6f30f3eaa255,a1,1,0,da_artifacts/user_b19ba550-c0d1-706b-5b31-6f30f3eaa255_topic_a1_order1_fixed.png,da_artifacts/user_b19ba550-c0d1-706b-5b31-6f30f3eaa255_topic_a1_order2_fixed.png
813b75b0-90b1-7068-9549-77eb9a62ffdc,a6,1,0,da_artifacts/user_813b75b0-90b1-7068-9549-77eb9a62ffdc_topic_a6_order1_fixed.png,da_artifacts/user_813b75b0-90b1-7068-9549-77eb9a62ffdc_topic_a6_order2_fixed.png
116b0520-f0b1-70d5-0575-61162dd862fd,a6,1,0,da_artifacts/user_116b0520-f0b1-70d5-0575-61162dd862fd_topic_a6_order1_fixed.png,da_artifacts/user_116b0520-f0b1-70d5-0575-61162dd862fd_topic_a6_order2_fixed.png
e11ba5c0-60e1-7014-3010-a78f186a4362,a2,1,0,da_artifacts/user_e11ba5c0-60e1-7014-3010-a78f186a4362_topic_a2_order1_fixed.png,da_artifacts/user_e11ba5c0-60e1-7014-3010-a78f186a4362_topic_a2_order2_fixed.png
71db5530-00e1-709f-0e88-2c9a19f8dc8b,a2,1,0,da_artifacts/user_71db5530-00e1-709f-0e88-2c9a19f8dc8b_topic_a2_order1_fixed.png,da_artifacts/user_71db5530-00e1-709f-0e88-2c9a19f8dc8b_topic_a2_order2_fixed.png
e18b45c0-20a1-7039-271f-10630ddc7b88,a1,1,0,da_artifacts/user_e18b45c0-20a1-7039-271f-10630ddc7b88_topic_a1_order1_fixed.png,da_artifacts/user_e18b45c0-20a1-7039-271f-10630ddc7b88_topic_a1_order2_fixed.png
e17b7530-3021-70d1-5891-3515d4c26ec6,a5,1,0,da_artifacts/user_e17b7530-3021-70d1-5891-3515d4c26ec6_topic_a5_order1_fixed.png,da_artifacts/user_e17b7530-3021-70d1-5891-3515d4c26ec6_topic_a5_order2_fixed.png
71cbe580-90f1-7027-51c8-f471e501854b,a7,1,0,da_artifacts/user_71cbe580-90f1-7027-51c8-f471e501854b_topic_a7_order1_fixed.png,da_artifacts/user_71cbe580-90f1-7027-51c8-f471e501854b_topic_a7_order2_fixed.png
01cbf550-9041-70f1-3bbe-92176ffa992e,a1,1,0,da_artifacts/user_01cbf550-9041-70f1-3bbe-92176ffa992e_topic_a1_order1_fixed.png,da_artifacts/user_01cbf550-9041-70f1-3bbe-92176ffa992e_topic_a1_order2_fixed.png
a1fbd5d0-e0e1-7054-7a08-05c01f9a74b1,a3,1,0,da_artifacts/user_a1fbd5d0-e0e1-7054-7a08-05c01f9a74b1_topic_a3_order1_fixed.png,da_artifacts/user_a1fbd5d0-e0e1-7054-7a08-05c01f9a74b1_topic_a3_order2_fixed.png
41eb6500-1081-7006-138f-298c1f0f89f5,a5,1,0,da_artifacts/user_41eb6500-1081-7006-138f-298c1f0f89f5_topic_a5_order1_fixed.png,da_artifacts/user_41eb6500-1081-7006-138f-298c1f0f89f5_topic_a5_order2_fixed.png
812b15e0-7001-7072-351b-af5182106bba,a7,1,0,da_artifacts/user_812b15e0-7001-7072-351b-af5182106bba_topic_a7_order1_fixed.png,da_artifacts/user_812b15e0-7001-7072-351b-af5182106bba_topic_a7_order2_fixed.png
017b8560-6081-70e4-7303-6882d8635df0,a1,1,0,da_artifacts/user_017b8560-6081-70e4-7303-6882d8635df0_topic_a1_order1_fixed.png,da_artifacts/user_017b8560-6081-70e4-7303-6882d8635df0_topic_a1_order2_fixed.png
b10b7510-d0b1-702f-66b3-3c1a07997d6d,a4,1,0,da_artifacts/user_b10b7510-d0b1-702f-66b3-3c1a07997d6d_topic_a4_order1_fixed.png,da_artifacts/user_b10b7510-d0b1-702f-66b3-3c1a07997d6d_topic_a4_order2_fixed.png
b14bd5f0-0011-704d-7e86-b55f1b5f014a,a6,1,0,da_artifacts/user_b14bd5f0-0011-704d-7e86-b55f1b5f014a_topic_a6_order1_fixed.png,da_artifacts/user_b14bd5f0-0011-704d-7e86-b55f1b5f014a_topic_a6_order2_fixed.png
b12b4550-8001-70f9-71be-240eab8f838e,a1,1,0,da_artifacts/user_b12b4550-8001-70f9-71be-240eab8f838e_topic_a1_order1_fixed.png,da_artifacts/user_b12b4550-8001-70f9-71be-240eab8f838e_topic_a1_order2_fixed.png
b14bd5f0-0011-704d-7e86-b55f1b5f014a,a2,1,0,da_artifacts/user_b14bd5f0-0011-704d-7e86-b55f1b5f014a_topic_a2_order1_fixed.png,da_artifacts/user_b14bd5f0-0011-704d-7e86-b55f1b5f014a_topic_a2_order2_fixed.png
e19bc5d0-4021-7079-8270-a5b48b2ed74f,a4,1,0,da_artifacts/user_e19bc5d0-4021-7079-8270-a5b48b2ed74f_topic_a4_order1_fixed.png,da_artifacts/user_e19bc5d0-4021-7079-8270-a5b48b2ed74f_topic_a4_order2_fixed.png
d1cba5c0-4041-7099-95fd-aac383e0a3cb,a7,1,0,da_artifacts/user_d1cba5c0-4041-7099-95fd-aac383e0a3cb_topic_a7_order1_fixed.png,da_artifacts/user_d1cba5c0-4041-7099-95fd-aac383e0a3cb_topic_a7_order2_fixed.png
d10bd540-b0a1-702b-2353-0f09ca339f59,a1,1,0,da_artifacts/user_d10bd540-b0a1-702b-2353-0f09ca339f59_topic_a1_order1_fixed.png,da_artifacts/user_d10bd540-b0a1-702b-2353-0f09ca339f59_topic_a1_order2_fixed.png
d17b4550-a0d1-7014-38bf-d8d68777c4f4,a5,1,0,da_artifacts/user_d17b4550-a0d1-7014-38bf-d8d68777c4f4_topic_a5_order1_fixed.png,da_artifacts/user_d17b4550-a0d1-7014-38bf-d8d68777c4f4_topic_a5_order2_fixed.png
d10bd540-b0a1-702b-2353-0f09ca339f59,a3,1,0,da_artifacts/user_d10bd540-b0a1-702b-2353-0f09ca339f59_topic_a3_order1_fixed.png,da_artifacts/user_d10bd540-b0a1-702b-2353-0f09ca339f59_topic_a3_order2_fixed.png
d14be530-3021-7083-6ee6-f96210849e13,a1,1,0,da_artifacts/user_d14be530-3021-7083-6ee6-f96210849e13_topic_a1_order1_fixed.png,da_artifacts/user_d14be530-3021-7083-6ee6-f96210849e13_topic_a1_order2_fixed.png
21fb2560-d0c1-70cc-8456-cb80cc078b11,a6,1,0,da_artifacts/user_21fb2560-d0c1-70cc-8456-cb80cc078b11_topic_a6_order1_fixed.png,da_artifacts/user_21fb2560-d0c1-70cc-8456-cb80cc078b11_topic_a6_order2_fixed.png
c10ba560-5051-7080-335e-1e8aaac1f227,a4,1,0,da_artifacts/user_c10ba560-5051-7080-335e-1e8aaac1f227_topic_a4_order1_fixed.png,da_artifacts/user_c10ba560-5051-7080-335e-1e8aaac1f227_topic_a4_order2_fixed.png
711b6580-50d1-70c7-2c33-364aab9519a1,a7,1,0,da_artifacts/user_711b6580-50d1-70c7-2c33-364aab9519a1_topic_a7_order1_fixed.png,da_artifacts/user_711b6580-50d1-70c7-2c33-364aab9519a1_topic_a7_order2_fixed.png
113bc5a0-00c1-70a8-1558-53c8f78b1a99,a4,1,0,da_artifacts/user_113bc5a0-00c1-70a8-1558-53c8f78b1a99_topic_a4_order1_fixed.png,da_artifacts/user_113bc5a0-00c1-70a8-1558-53c8f78b1a99_topic_a4_order2_fixed.png
415b55a0-10a1-704e-fbb1-94f533c8040b,a5,1,0,da_artifacts/user_415b55a0-10a1-704e-fbb1-94f533c8040b_topic_a5_order1_fixed.png,da_artifacts/user_415b55a0-10a1-704e-fbb1-94f533c8040b_topic_a5_order2_fixed.png
219b2590-e041-704c-6a88-f3a3366c6cc5,a1,1,0,da_artifacts/user_219b2590-e041-704c-6a88-f3a3366c6cc5_topic_a1_order1_fixed.png,da_artifacts/user_219b2590-e041-704c-6a88-f3a3366c6cc5_topic_a1_order2_fixed.png
21fba590-60a1-70ba-0967-7fe100d86137,a1,1,0,da_artifacts/user_21fba590-60a1-70ba-0967-7fe100d86137_topic_a1_order1_fixed.png,da_artifacts/user_21fba590-60a1-70ba-0967-7fe100d86137_topic_a1_order2_fixed.png
71cb5540-20c1-70a9-1806-fbc6af5f0b86,a1,1,0,da_artifacts/user_71cb5540-20c1-70a9-1806-fbc6af5f0b86_topic_a1_order1_fixed.png,da_artifacts/user_71cb5540-20c1-70a9-1806-fbc6af5f0b86_topic_a1_order2_fixed.png
d1cba5c0-4041-7099-95fd-aac383e0a3cb,a5,1,0,da_artifacts/user_d1cba5c0-4041-7099-95fd-aac383e0a3cb_topic_a5_order1_fixed.png,da_artifacts/user_d1cba5c0-4041-7099-95fd-aac383e0a3cb_topic_a5_order2_fixed.png
21bb9560-e091-7093-48ce-07076388c6c5,a4,1,0,da_artifacts/user_21bb9560-e091-7093-48ce-07076388c6c5_topic_a4_order1_fixed.png,da_artifacts/user_21bb9560-e091-7093-48ce-07076388c6c5_topic_a4_order2_fixed.png
41bbf590-9091-7030-9e14-d33b01f1aae6,a3,1,0,da_artifacts/user_41bbf590-9091-7030-9e14-d33b01f1aae6_topic_a3_order1_fixed.png,da_artifacts/user_41bbf590-9091-7030-9e14-d33b01f1aae6_topic_a3_order2_fixed.png
016b15c0-a071-70a4-d6d6-0aae841b512a,a6,1,0,da_artifacts/user_016b15c0-a071-70a4-d6d6-0aae841b512a_topic_a6_order1_fixed.png,da_artifacts/user_016b15c0-a071-70a4-d6d6-0aae841b512a_topic_a6_order2_fixed.png
d17b6520-5071-7048-0b67-edd7ac9f9e44,a5,1,0,da_artifacts/user_d17b6520-5071-7048-0b67-edd7ac9f9e44_topic_a5_order1_fixed.png,da_artifacts/user_d17b6520-5071-7048-0b67-edd7ac9f9e44_topic_a5_order2_fixed.png
e1cb9560-4091-706e-840f-87a913394f9e,a1,1,0,da_artifacts/user_e1cb9560-4091-706e-840f-87a913394f9e_topic_a1_order1_fixed.png,da_artifacts/user_e1cb9560-4091-706e-840f-87a913394f9e_topic_a1_order2_fixed.png
d17b6520-5071-7048-0b67-edd7ac9f9e44,a7,1,0,da_artifacts/user_d17b6520-5071-7048-0b67-edd7ac9f9e44_topic_a7_order1_fixed.png,da_artifacts/user_d17b6520-5071-7048-0b67-edd7ac9f9e44_topic_a7_order2_fixed.png
d1bb4520-5021-700b-e6c7-ba9f0d11e538,a1,1,0,da_artifacts/user_d1bb4520-5021-700b-e6c7-ba9f0d11e538_topic_a1_order1_fixed.png,da_artifacts/user_d1bb4520-5021-700b-e6c7-ba9f0d11e538_topic_a1_order2_fixed.png
d1cba5c0-4041-7099-95fd-aac383e0a3cb,a1,1,0,da_artifacts/user_d1cba5c0-4041-7099-95fd-aac383e0a3cb_topic_a1_order1_fixed.png,da_artifacts/user_d1cba5c0-4041-7099-95fd-aac383e0a3cb_topic_a1_order2_fixed.png
819b2520-80d1-7040-a2e8-a74594524790,a1,1,0,da_artifacts/user_819b2520-80d1-7040-a2e8-a74594524790_topic_a1_order1_fixed.png,da_artifacts/user_819b2520-80d1-7040-a2e8-a74594524790_topic_a1_order2_fixed.png
01ebb520-b0d1-709a-ca45-bb5b571f108f,a3,1,0,da_artifacts/user_01ebb520-b0d1-709a-ca45-bb5b571f108f_topic_a3_order1_fixed.png,da_artifacts/user_01ebb520-b0d1-709a-ca45-bb5b571f108f_topic_a3_order2_fixed.png
